RTRVLDSUSE_SEQ,inspection_record_date,inspection_items,inspection_item_count,inspection_product,inspection_product_type,inspection_company,inspection_licence,inspection_institution,inspection_sido,recall_product,recall_reason,recall_company,ADDR,TELNO,BRCDNO,FRMLCUNIT,MNFDT,recall_method,DISTBTMLMT,recall_product_type,image_path,PRDLST_CD,CRET_DTM,PRDLST_REPORT_NO,recall_grade,recall_item_type,recall_licence,recall_sido,sigungu,recall_record_date
3000223477,2026-03-23,금속성이물,1,새싹귀리분말,기타가공품,(주)웰빙,20180545230,인천광역시 보건환경연구원 식약연구부 식품분석과,경상북도,새싹귀리분말,금속성 이물 기준 규격 부적합,(주)웰빙,경상북도 김천시,,,500g,데이터없음,쿠팡 물류센터 보유재고 반출 및 소비자 직접 연락,2027-10-19,가공식품,http://coop.foodsafetykorea.go.kr/open/minfo_image.do?fSeq=2510123,C0323020000000,2026-03-24 18:14:48.224905,2010051202346,3등급,기타가공품,20180545230,경상북도,경상북도 김천시,2026-03-24
3000223704,2026-03-25,비타민D,1,파워 오메가3 포르테 1310,건강기능식품,제이에스헬스케어(jshealthcare),20190012295,대구청 유해물질분석과,대구광역시,파워 오메가3 포르테 1310,비타민D 함량 부족,제이에스헬스케어(jshealthcare),대구광역시 북구,,8500134845680,"1,310mg X 180캡슐(총 235.8g)",데이터없음,"방문, 전화, 택배 등",2029.1.14.,건강기능식품,"http://coop.foodsafetykorea.go.kr/open/minfo_image.do?fSeq=2512535, http://coop.foodsafetykorea.go.kr/open/minfo_image.do?fSeq=2512536, http://coop.foodsafetykorea.go.kr/open/minfo_image.do?fSeq=2512537",E0000000000000,2026-03-25 17:24:08.538923,,3등급,건강기능식품,20190012295,대구광역시,대구광역시 북구,2026-03-25
3000223742,2026-03-26,금속성이물,1,강황분말,고형차,천지가약초,20140042600,인천광역시 보건환경연구원 식약연구부 식품분석과,서울특별시,강황분말,금속성 이물 기준 규격 부적합,천지가약초,서울특별시 동대문구,,,"1kg, 250g",데이터없음,"홈페이지 회수 공지 후 유통재고량, 소비자 보관물량 회수",2028-01-25,가공식품,"http://coop.foodsafetykorea.go.kr/open/minfo_image.do?fSeq=2514501, http://coop.foodsafetykorea.go.kr/open/minfo_image.do?fSeq=2514784",C0309010300000,2026-03-27 13:41:26.480857,20160042150124,3등급,고형차,20140042600,서울특별시,서울특별시 동대문구,2026-03-27
3000223746,2026-03-26,디페노코나졸,1,냉동리치,리치,신정푸드(주),20000320226,,경기도,냉동리치,잔류농약 기준 초과,신정푸드(주),경기도 파주시,,8809237783074,1kg,포장일자: 2025.7.12,거래처 통한 수거,포장일로부터 36개월까지,농산물,"http://coop.foodsafetykorea.go.kr/open/minfo_image.do?fSeq=2514021, http://coop.foodsafetykorea.go.kr/open/minfo_image.do?fSeq=2514022",A0500501000000,2026-03-27 10:14:34.051988,,2등급,리치,20000320226,경기도,경기도 파주시,2026-03-27
3000223758,2026-03-27,디페노코나졸,1,냉동 패션후르츠,패션프루트,(주)지안,20140333104,,경기도,냉동 패션후르츠,잔류농약 기준 초과,(주)지안,경기도 남양주시,,8809303620302,1kg,포장일자: 2025.7.20,거래처 통한 수거,포장일로부터 3년까지,농산물,http://coop.foodsafetykorea.go.kr/open/minfo_image.do?fSeq=2514484,A0500501100000,2026-03-27 18:12:32.713913,,2등급,패션프루트,20140333104,경기도,경기도 남양주시,2026-03-27
3000223980,2026-03-30,금속성이물,1,강황분말,기타가공품,바라크월드팜,20140205357,인천광역시 보건환경연구원 식약연구부 식품분석과,경기도,강황분말,금속성이물 기준 규격 부적합,바라크월드팜,경기도 김포시,,8809432235422,350g,2026.1.22.,방문 및 택배회수,2028-01-21,가공식품,"http://coop.foodsafetykorea.go.kr/open/minfo_image.do?fSeq=2515872, http://coop.foodsafetykorea.go.kr/open/minfo_image.do?fSeq=2515875, http://coop.foodsafetykorea.go.kr/open/minfo_image.do?fSeq=2515939",C0323020000000,2026-03-31 11:05:17.290141,2007035567290,3등급,기타가공품,20140205357,경기도,경기도 김포시,2026-03-31
3000223991,2026-03-30,금속성이물,1,강황가루,고형차,헬로우 그린(hello green),20190042380,인천광역시 보건환경연구원 식약연구부 식품분석과,서울특별시,강황가루,금속성이물 기준 규격 부적합,헬로우 그린(hello green),서울특별시 동대문구,,,500g,2026-01-22,제품 구매 고객에게 별도 연락 후 동일 제조일자 제품 식별하여 전량 회수 진행. 회수 제품은 별도 보관 후 폐기 예정,제조일로부터 24개월,가공식품,"http://coop.foodsafetykorea.go.kr/open/minfo_image.do?fSeq=2515790, http://coop.foodsafetykorea.go.kr/open/minfo_image.do?fSeq=2515791",C0309010300000,2026-03-31 18:08:20.454444,201800421911,3등급,고형차,20190042380,서울특별시,서울특별시 동대문구,2026-03-31
3000224010,2026-03-30,금속성이물,1,보리새싹가루,기타가공품,헬로우 그린(hello green),20190042380,인천광역시 보건환경연구원 식약연구부 식품분석과,서울특별시,보리새싹가루,금속성 이물 기준 규격 부적합,헬로우 그린(hello green),서울특별시 동대문구,,,500g,2025-05-12,제품 구매 고객에게 별도 연락 후 동일 제조일자 제품 식별하여 전량 회수 진행. 회수 제품은 별도 보관 후 폐기 예정,제조일로부터 24개월,가공식품,"http://coop.foodsafetykorea.go.kr/open/minfo_image.do?fSeq=2515815, http://coop.foodsafetykorea.go.kr/open/minfo_image.do?fSeq=2515816",C0323020000000,2026-03-31 18:09:06.239905,20060042813491,3등급,기타가공품,20190042380,서울특별시,서울특별시 동대문구,2026-03-31
3000224022,2026-03-30,금속성이물,1,노니분말,고형차,주식회사 디딤푸드,20200042553,인천광역시 보건환경연구원 식약연구부 식품분석과,서울특별시,노니분말,금속성이물 기준 규격 부적합,주식회사 디딤푸드,서울특별시 동대문구,,,300g,데이터없음,직접 회수 및 유선통화 후 택배 회수,2028-02-22,가공식품,"http://coop.foodsafetykorea.go.kr/open/minfo_image.do?fSeq=2515982, http://coop.foodsafetykorea.go.kr/open/minfo_image.do?fSeq=2515984",C0309010300000,2026-03-31 18:10:27.192898,20160042150114,3등급,고형차,20200042553,서울특별시,서울특별시 동대문구,2026-03-31
3000224031,2026-03-30,금속성이물,1,강황가루,고형차,유앤아이허브,20200290158,인천광역시 보건환경연구원 식약연구부 식품분석과,서울특별시,강황가루,금속성이물 기준 규격 부적합,유앤아이허브,서울특별시 동대문구,,,500g,데이터없음,"홈페이지 회수 공지 후 유통재고량, 소비자 보관물량 회수",2028-01-21,가공식품,http://coop.foodsafetykorea.go.kr/open/minfo_image.do?fSeq=2516259,C0309010300000,2026-03-31 18:11:35.137467,201800421911,3등급,고형차,20200290158,서울특별시,서울특별시 동대문구,2026-03-31
3000224174,2026-04-01,금속성이물,1,계피분말,고형차,농업회사법인주식회사두손애약초,20160555012,인천광역시 보건환경연구원 식약연구부 식품분석과,경상북도,계피분말,금속성이물 기준 규격 부적합,농업회사법인주식회사두손애약초,경상북도 영천시,,8809340568667,200g,데이터없음,판매처 등 연락 후 소분업소로 택배 반품 조치,2027-12-09,가공식품,"http://coop.foodsafetykorea.go.kr/open/minfo_image.do?fSeq=2519406, http://coop.foodsafetykorea.go.kr/open/minfo_image.do?fSeq=2519407, http://coop.foodsafetykorea.go.kr/open/minfo_image.do?fSeq=2519408",C0309010300000,2026-04-02 14:45:34.424279,20180042191510,3등급,고형차,20160555012,경상북도,경상북도 영천시,2026-04-02
3000224242,2026-04-02,디페노코나졸,1,냉동리치,리치,신정푸드(주),20000320226,부산청 유해물질분석과,경기도,냉동리치,잔류농약 기준 초과,신정푸드(주),경기도 파주시,,8809237783074,1kg,포장일자: 2026.2.4,출고금지,포장일로부터 36개월까지,농산물,"http://coop.foodsafetykorea.go.kr/open/minfo_image.do?fSeq=2520199, http://coop.foodsafetykorea.go.kr/open/minfo_image.do?fSeq=2520200",A0500501000000,2026-04-03 14:57:27.339621,,2등급,리치,20000320226,경기도,경기도 파주시,2026-04-03
3000224248,2026-04-02,디페노코나졸,1,냉동리치,리치,신정푸드(주),20000320226,부산청 유해물질분석과,경기도,냉동리치,잔류농약 기준 초과,신정푸드(주),경기도 파주시,,8809237783074,1kg,포장일자: 2025.8.6,출고금지,포장일로부터 36개월까지,농산물,"http://coop.foodsafetykorea.go.kr/open/minfo_image.do?fSeq=2520212, http://coop.foodsafetykorea.go.kr/open/minfo_image.do?fSeq=2520213",A0500501000000,2026-04-03 14:57:33.578564,,2등급,리치,20000320226,경기도,경기도 파주시,2026-04-03
3000224680,2026-04-13,카벤다짐 | 티아메톡삼,2,청양 구기자,구기자건조,토종마을,20160333083,,경기도,청양 구기자,잔류농약 기준 초과,토종마을,경기도 남양주시,,1100001247554,300g,2026.03.05.,온라인 판매 제품 반품 회수 및 미출고 창고재고 제품 회수,2028.03.04.,농산물,,A0500401304000,2026-04-15 13:24:23.553913,,2등급,구기자건조,20160333083,경기도,경기도 남양주시,2026-04-15
3000224863,2026-04-16,판토텐산,1,슈퍼 멀티비타민 이뮨부스트,건강기능식품,주식회사 동도에프앤피,20240016876,경인청 시험분석센터 식품기준분석과,서울특별시,슈퍼 멀티비타민 이뮨부스트,판토텐산 함량 부족,주식회사 동도에프앤피,서울특별시 강남구,,7350122362412,250ml(25ml X 10병),데이터없음,"플랫폼 공지 협조요청, 팝업, SMS, 앱푸시, 공문, 이메일 등",2026.11.11,건강기능식품,"http://coop.foodsafetykorea.go.kr/open/minfo_image.do?fSeq=2532635, http://coop.foodsafetykorea.go.kr/open/minfo_image.do?fSeq=2532636, http://coop.foodsafetykorea.go.kr/open/minfo_image.do?fSeq=2532637, http://coop.foodsafetykorea.go.kr/open/minfo_image.do?fSeq=2532638, http://coop.foodsafetykorea.go.kr/open/minfo_image.do?fSeq=2532639",E0000000000000,2026-04-16 17:17:35.913889,,3등급,건강기능식품,20240016876,서울특별시,서울특별시 강남구,2026-04-16
3000225166,2026-04-22,노르플록사신 | 독시싸이클린 | 메트로니다졸,3,냉동흰다리새우살,기타 수산물가공품,(주)조은수산,20090129167,서울특별시 보건환경연구원 강남농수산물검사소,부산광역시,냉동흰다리새우살,동물용의약품 기준 초과,(주)조은수산,부산광역시 동구,,8809971440400,450g,2025.10.13,업체 직접방문 또는 화물차량 회수,2028.10.12,가공식품,"http://coop.foodsafetykorea.go.kr/open/minfo_image.do?fSeq=2536914, http://coop.foodsafetykorea.go.kr/open/minfo_image.do?fSeq=2536915, http://coop.foodsafetykorea.go.kr/open/minfo_image.do?fSeq=2536916",C0319060000000,2026-04-23 16:17:39.841577,,2등급,기타 수산물가공품,20090129167,부산광역시,부산광역시 동구,2026-04-23
3000225170,2026-04-22,프로피코나졸,1,구기자,구기자건조,약용작물산지유통센터(APC),,충청남도 보건환경연구원 식약품연구부,경상북도,구기자,잔류농약(프로피코나졸) 기준 초과,약용작물산지유통센터(APC),경상북도 영주시,,8809052505004,250g,2026-02-05,택배 또는 직접회수,,농산물,"http://coop.foodsafetykorea.go.kr/open/minfo_image.do?fSeq=2538743, http://coop.foodsafetykorea.go.kr/open/minfo_image.do?fSeq=2538250",A0500401304000,2026-04-23 18:08:57.966247,,2등급,구기자건조,,경상북도,경상북도 영주시,2026-04-23
3000225386,2026-04-27,EPA와 DHA의 합,1,프리미엄 알티지 오메가-3 1100,건강기능식품,뉴트라칼 주식회사,20240004561,서울청 유해물질분석과,서울특별시,프리미엄 알티지 오메가-3 1100,EPA와 DHA의 합 함량 부족,뉴트라칼 주식회사,서울특별시 서초구,,8809760951537,"1,201mg X 180캡슐(총 216.18g)",데이터없음,"일반판매원과 협력 및 2차 거래처에게 수입사 직접 회수알림 메일 발송, 유선 통화 알림등",2028.7.16,건강기능식품,"http://coop.foodsafetykorea.go.kr/open/minfo_image.do?fSeq=2540108, http://coop.foodsafetykorea.go.kr/open/minfo_image.do?fSeq=2540109, http://coop.foodsafetykorea.go.kr/open/minfo_image.do?fSeq=2540110, http://coop.foodsafetykorea.go.kr/open/minfo_image.do?fSeq=2540479",E0000000000000,2026-04-27 16:24:37.79608,,3등급,건강기능식품,20240004561,서울특별시,서울특별시 서초구,2026-04-27
3000225470,2026-04-28,나이아신 | 세균수 | 조단백질,3,낫슈99,당뇨환자용 영양조제식품,(주)우포라이스텍,20030618074,부산청 유해물질분석과,경상남도,낫슈99,세균수 기준 규격 부적합,(주)우포라이스텍,경상남도 창녕군,,8809220292316,750g(250g*3),데이터없음,소비자 판매 및 보관 물량 회수,2027-05-12,가공식품,"http://coop.foodsafetykorea.go.kr/open/minfo_image.do?fSeq=2542188, http://coop.foodsafetykorea.go.kr/open/minfo_image.do?fSeq=2542189",C0324010200000,2026-04-29 13:59:20.438333,2003061807477,3등급,당뇨환자용 영양조제식품,20030618074,경상남도,경상남도 창녕군,2026-04-29
3000225578,2026-04-30,비타민D,1,프리미엄 오메가3 1310 EPA&DHA,건강기능식품,(주)더조은월드,20240004632,대구청 유해물질분석과,서울특별시,프리미엄 오메가3 1310 EPA&DHA,비타민D 함량 부족,(주)더조은월드,서울특별시 서초구,,8500134845666,"1,310mg X 180캡슐 X 2(총 471.6g)",데이터없음,거래선 통보 후 일괄 회수,2028.2.10.,건강기능식품,"http://coop.foodsafetykorea.go.kr/open/minfo_image.do?fSeq=2543638, http://coop.foodsafetykorea.go.kr/open/minfo_image.do?fSeq=2543639, http://coop.foodsafetykorea.go.kr/open/minfo_image.do?fSeq=2543640, http://coop.foodsafetykorea.go.kr/open/minfo_image.do?fSeq=2543641, http://coop.foodsafetykorea.go.kr/open/minfo_image.do?fSeq=2543642, http://coop.foodsafetykorea.go.kr/open/minfo_image.do?fSeq=2543681",E0000000000000,2026-04-30 16:43:40.695665,,3등급,건강기능식품,20240004632,서울특별시,서울특별시 서초구,2026-04-30
3000225736,2026-05-06,프로바이오틱스 수,1,프리미엄 프로바이오틱스 5000 골드,건강기능식품,(주)더블유에이치글로벌,20130098109,대구청 유해물질분석과,서울특별시,프리미엄 프로바이오틱스 5000 골드,프로바이오틱스 수 부적합,(주)더블유에이치글로벌,서울특별시 중구,,0629262003347,500mg X 60캡슐 X 2(총 60g),데이터없음,1차 거래처 통보 및 2차 판매처 수량 파악,2028.7.25,건강기능식품,"http://coop.foodsafetykorea.go.kr/open/minfo_image.do?fSeq=2545768, http://coop.foodsafetykorea.go.kr/open/minfo_image.do?fSeq=2545769, http://coop.foodsafetykorea.go.kr/open/minfo_image.do?fSeq=2545770, http://coop.foodsafetykorea.go.kr/open/minfo_image.do?fSeq=2545771",E0000000000000,2026-05-07 14:00:44.688807,,3등급,건강기능식품,20130098109,서울특별시,서울특별시 중구,2026-05-07
3000225787,2026-05-07,독시싸이클린,1,"냉동흰다리새우살(두절,탈각)",기타 수산물가공품,(주)해우씨푸드,20120254022,서울특별시 보건환경연구원 강남농수산물검사소,부산광역시,"냉동흰다리새우살(두절,탈각)",동물용의약품 기준 초과,(주)해우씨푸드,부산광역시 사하구,,8809458913335,900g,2025.8.26,거래처 보유 재고 반품 회수 및 화물차량을 이용하여 회수,2028.8.25,가공식품,"http://coop.foodsafetykorea.go.kr/open/minfo_image.do?fSeq=2547296, http://coop.foodsafetykorea.go.kr/open/minfo_image.do?fSeq=2547297",C0319060000000,2026-05-08 15:10:10.170831,,2등급,기타 수산물가공품,20120254022,부산광역시,부산광역시 사하구,2026-05-08
3000226157,2026-05-18,금속성이물,1,강황가루,고형차,(주)진성바이오지점,20200574235,강원특별자치도 보건환경연구원 식약품연구부 식품분석과,경상북도,강황가루,금속성이물 기준 규격 부적합,(주)진성바이오지점,경상북도 칠곡군,,8809045620752,400g,데이터없음,거래처 재고량 반품 및 방문 회수,20270818,가공식품,http://coop.foodsafetykorea.go.kr/open/minfo_image.do?fSeq=2554588,C0309010300000,2026-05-19 16:22:23.364062,2018004236216,3등급,고형차,20200574235,경상북도,경상북도 칠곡군,2026-05-19
3000226584,2026-05-28,카드뮴,1,국화,국화,주식회사샘그린유통,,서울특별시 보건환경연구원 강북농수산물검사소,서울특별시,국화,중금속(카드뮴) 기준규격 초과,주식회사샘그린유통,서울특별시 동대문구,,,"300g, 600g",데이터없음,거래처에 전화로 회수사유를 알리고 해당제품에 대한 판매중지 및 반품요청,20290118,농산물,"http://coop.foodsafetykorea.go.kr/open/minfo_image.do?fSeq=2562951, http://coop.foodsafetykorea.go.kr/open/minfo_image.do?fSeq=2564569, http://coop.foodsafetykorea.go.kr/open/minfo_image.do?fSeq=2564570",A1205400000000,2026-05-29 18:39:29.149968,2017047206438,2등급,국화,20170472064,서울특별시,서울특별시 동대문구,2026-05-29
3000226993,2026-06-08,사카린나트륨,1,비틀16로제,약주,비틀,20210016021,광주청 유해물질분석과,전북특별자치도,비틀16로제,식품첨가물(사카린나트륨) 검출,비틀,전북특별자치도 순창군,,,500ml,2026-05-11,,제조일로부터 180일,주류,"http://coop.foodsafetykorea.go.kr/open/minfo_image.do?fSeq=2570064, http://coop.foodsafetykorea.go.kr/open/minfo_image.do?fSeq=2570065",C0314150000000,2026-06-09 13:41:04.655733,202100160214,3등급,약주,20210016021,전북특별자치도,전북특별자치도 순창군,2026-06-09
3000227626,2026-06-19,금속성이물,1,정성 가득 담은 고춧가루(중국산),고춧가루,오에스농산 주식회사,20200611125,경기도 경기도보건환경연구원 북부지원,경상남도,정성 가득 담은 고춧가루(중국산),금속성이물(쇳가루) 기준 규격 부적합,오에스농산 주식회사,경상남도 창녕군,,8809753220527,1kg,데이터없음,판매업소에 개별 연락 및 재고 확인 후 전량 반품 처리 등 진행,2026.10.21.,가공식품,"http://coop.foodsafetykorea.go.kr/open/minfo_image.do?fSeq=2580399, http://coop.foodsafetykorea.go.kr/open/minfo_image.do?fSeq=2580400",C0312040100000,2026-06-19 16:37:50.489014,2020061112527,3등급,고춧가루,20200611125,경상남도,경상남도 창녕군,2026-06-19
3000227695,2026-06-22,세균수,1,두배진흑염소진액,식육추출가공품,농업회사법인 주식회사 에이치앤디,20230539018,강원특별자치도 동물위생시험소 축산식품검사과,강원특별자치도,두배진흑염소진액,세균수 기준규격 부적합,농업회사법인 주식회사 에이치앤디,강원특별자치도 영월군,,8800262370000,100ml,데이터없음,사업자 수거,20270615,축산물,"http://coop.foodsafetykorea.go.kr/open/minfo_image.do?fSeq=2581486, http://coop.foodsafetykorea.go.kr/open/minfo_image.do?fSeq=2581529",C0316060000000,2026-06-23 16:06:18.371912,202305390181,3등급,식육추출가공품,20230539018,강원특별자치도,강원특별자치도 영월군,2026-06-23
3000230573,2026-07-08,붕해시험,1,코엔자임Q10 100mg,건강기능식품,(주)코스트코코리아,20120304539,서울청 유해물질분석과,경기도,코엔자임Q10 100mg,붕해시험 부적합,(주)코스트코코리아,경기도 광명시,,196633914507,400mg X 240캡슐(총 96g),데이터없음,메일 발송 및 유선 통화 등,2029.1.30,건강기능식품,"http://coop.foodsafetykorea.go.kr/open/minfo_image.do?fSeq=2598189, http://coop.foodsafetykorea.go.kr/open/minfo_image.do?fSeq=2598190, http://coop.foodsafetykorea.go.kr/open/minfo_image.do?fSeq=2598191, http://coop.foodsafetykorea.go.kr/open/minfo_image.do?fSeq=2598192",E0000000000000,2026-07-08 17:38:48.724575,,3등급,건강기능식품,20120304539,경기도,경기도 광명시,2026-07-08
3000230989,2026-07-16,카드뮴,1,곡기생,겨우살이,(주)나음,20180016067,서울특별시 보건환경연구원 강북농수산물검사소,경기도,곡기생,중금속(카드뮴) 기준규격 초과,(주)나음,경기도 포천시,,,600g,데이터없음,소비자반품,2029.3.30.,농산물,"http://coop.foodsafetykorea.go.kr/open/minfo_image.do?fSeq=2605879, http://coop.foodsafetykorea.go.kr/open/minfo_image.do?fSeq=2605880, http://coop.foodsafetykorea.go.kr/open/minfo_image.do?fSeq=2605881",A1227100000000,2026-07-16 18:58:33.027244,,2등급,겨우살이,20180016067,경기도,경기도 포천시,2026-07-16
3000231105,2026-07-20,디페노코나졸 | 뷰프로페진,2,냉동얼갈이,엇갈이배추,주식회사 케이원무역,20240017800,,경기도,냉동얼갈이,잔류농약 기준 초과,주식회사 케이원무역,경기도 평택시,,8809415401912,1kg,포장일자: 2026.2.6,,포장일로부터 36개월까지,농산물,"http://coop.foodsafetykorea.go.kr/open/minfo_image.do?fSeq=2607839, http://coop.foodsafetykorea.go.kr/open/minfo_image.do?fSeq=2607840",A0600200100000,2026-07-21 14:37:08.60799,,2등급,엇갈이배추,20240017800,경기도,경기도 평택시,2026-07-21
3000231899,2026-07-31,3-MCPD,1,브래그 리퀴드 아미노스(BRAGG ALL PURPOSE SEASONING LIQUID AMINOS_473ML),산분해간장,(주)코어랜드마크,20190004384,경인청 유해물질분석과,인천광역시,브래그 리퀴드 아미노스(BRAGG ALL PURPOSE SEASONING LIQUID AMINOS_473ML),3-MCPD 기준 초과,(주)코어랜드마크,인천광역시,,7430500016,473mL,데이터없음,,(소비기한) 2027.9.18.,가공식품,"http://coop.foodsafetykorea.go.kr/open/minfo_image.do?fSeq=2621311, http://coop.foodsafetykorea.go.kr/open/minfo_image.do?fSeq=2621312, http://coop.foodsafetykorea.go.kr/open/minfo_image.do?fSeq=2621313, http://coop.foodsafetykorea.go.kr/open/minfo_image.do?fSeq=2621314",C0311050000000,2026-07-31 17:31:00.579171,,2등급,산분해간장,20190004384,인천광역시,인천광역시,2026-07-31
3000232048,2026-08-04,제랄레논,1,찰수수,수수,농업회사법인연농유통,,충청남도 보건환경연구원 식약품연구부,충청남도,찰수수,제랄레논 기준치 초과,농업회사법인연농유통,충청남도 논산시,,21000444190470070009,500g,2026. 7. 23.(포장일자),영업자 방문 회수,,농산물,"http://coop.foodsafetykorea.go.kr/open/minfo_image.do?fSeq=2623955, http://coop.foodsafetykorea.go.kr/open/minfo_image.do?fSeq=2623986",A0100600000000,2026-08-05 13:21:12.44209,,3등급,수수,,충청남도,충청남도 논산시,2026-08-05
3000232055,2026-08-04,대장균,1,거대곰탕,식육추출가공품,주식회사 유니버셜푸드랩,20100125009,부산광역시 보건환경연구원 동물위생시험소 축산물검사팀,부산광역시,거대곰탕,대장균 기준규격 부적합,주식회사 유니버셜푸드랩,부산광역시 기장군,,8809676870007,500g,데이터없음,"1차 판매업소 유통재고량 회수, 개별소비자 연락 후 반품조치","(소비기한)2027-07-07, 2027-07-08",축산물,"http://coop.foodsafetykorea.go.kr/open/minfo_image.do?fSeq=2625531, http://coop.foodsafetykorea.go.kr/open/minfo_image.do?fSeq=2625532, http://coop.foodsafetykorea.go.kr/open/minfo_image.do?fSeq=2625533, http://coop.foodsafetykorea.go.kr/open/minfo_image.do?fSeq=2625548",C0316060000000,2026-08-05 14:20:10.954457,2010012500926,3등급,식육추출가공품,20100125009,부산광역시,부산광역시 기장군,2026-08-05
3000232189,2026-08-06,세균수,1,에나배주스,과.채주스,한국배영농조합법인,20240910453,경상남도 보건환경연구원 감염병연구부,경상남도,에나배주스,세균수 기준 규격 부적합,한국배영농조합법인,경상남도 진주시,,,100ml,데이터없음,거래처 재고량 반품(소비자 보관 물량 없음),(소비기한)2028-04-21,가공식품,"http://coop.foodsafetykorea.go.kr/open/minfo_image.do?fSeq=2627335, http://coop.foodsafetykorea.go.kr/open/minfo_image.do?fSeq=2627336",C0309030200000,2026-08-07 17:24:36.380531,202409104536,3등급,과.채주스,20240910453,경상남도,경상남도 진주시,2026-08-07
3000232611,2026-08-14,금속성이물,1,유기농 양배추환,기타가공품,빛가람생명농업공동체협동조합,20100512023,경상남도 보건환경연구원 식약품연구부,전남광주통합특별시,유기농 양배추환,금속성이물 기준 규격 부적합,빛가람생명농업공동체협동조합,전남광주통합특별시 나주시,,8809279330601,100g,데이터없음,소비자 보관물량 반품 회수,(소비기한)2028-04-13,가공식품,"http://coop.foodsafetykorea.go.kr/open/minfo_image.do?fSeq=2633758, http://coop.foodsafetykorea.go.kr/open/minfo_image.do?fSeq=2633759, http://coop.foodsafetykorea.go.kr/open/minfo_image.do?fSeq=2633760",C0323020000000,2026-08-14 16:47:28.310386,2010051202363,3등급,기타가공품,20100512023,전남광주통합특별시,전남광주통합특별시 나주시,2026-08-14
3000232894,2026-08-20,소포리코사이드,1,회화나무,회화나무열매추출물,(주)팜투팜2공장,20180003915,세종특별자치시 보건환경연구원 식품연구과,충청남도,회화나무,정부수거검사 부적합(소포리코사이드 함량),(주)팜투팜2공장,충청남도 천안시 동남구,,8809176313165,,데이터없음,소비자상담실로 접수된 제품 회수 진행,20270811,건강기능식품,"http://coop.foodsafetykorea.go.kr/open/minfo_image.do?fSeq=2639714, http://coop.foodsafetykorea.go.kr/open/minfo_image.do?fSeq=2639715, http://coop.foodsafetykorea.go.kr/open/minfo_image.do?fSeq=2639716",E0207100000000,2026-08-21 16:04:01.792006,20180003915113,3등급,회화나무열매추출물,20180003915,충청남도,충청남도 천안시,2026-08-21
3000233730,2026-09-01,카벤다짐,1,목이버섯,목이버섯,(유)태림에스엠,20010114979,경인청 유해물질분석과,서울특별시,목이버섯,잔류농약 기준 초과,(유)태림에스엠,서울특별시 송파구,,8809260234659,1kg,(포장일자) 2026.1.14,소비자반품,(소비기한) 포장일로부터 2년,농산물,"http://coop.foodsafetykorea.go.kr/open/minfo_image.do?fSeq=2647933, http://coop.foodsafetykorea.go.kr/open/minfo_image.do?fSeq=2647934",A0700700000000,2026-09-02 16:33:34.057724,,2등급,목이버섯,20010114979,서울특별시,서울특별시 송파구,2026-09-02
3000234126,2026-09-08,세균수,1,제주 천혜향 아직도 까서 먹니,과.채주스,농업회사법인 (주)제주향,20150631583,경기도 경기도보건환경연구원 북부지원,제주특별자치도,제주 천혜향 아직도 까서 먹니,세균수 기준 규격 부적합,농업회사법인 (주)제주향,제주특별자치도 서귀포시,,8809429114150,120ml,데이터없음,,(소비기한) 2028-07-15,가공식품,"http://coop.foodsafetykorea.go.kr/open/minfo_image.do?fSeq=2654518, http://coop.foodsafetykorea.go.kr/open/minfo_image.do?fSeq=2654316",C0309030200000,2026-09-09 14:07:10.532364,2015063158336,3등급,과.채주스,20150631583,제주특별자치도,제주특별자치도 서귀포시,2026-09-09
3000234234,2026-09-09,아세타미프리드,1,백목이버섯,목이버섯,성민통상 주식회사,20230023177,광주청 유해물질분석과,경기도,백목이버섯,잔류농약 기준 초과,성민통상 주식회사,경기도 안산시 상록구,,8809460180084,1kg,(포장일자) 2026.4.2,,(소비기한) 포장일로부터 24개월,농산물,"http://coop.foodsafetykorea.go.kr/open/minfo_image.do?fSeq=2655741, http://coop.foodsafetykorea.go.kr/open/minfo_image.do?fSeq=2655742",A0700700000000,2026-09-10 18:28:15.879753,,2등급,목이버섯,20230023177,경기도,경기도 안산시,2026-09-10
3000234237,2026-09-09,카벤다짐,1,목이버섯,목이버섯,(주)태양무역,20200005547,광주청 유해물질분석과,서울특별시,목이버섯,잔류농약 기준 초과,(주)태양무역,서울특별시 구로구,,2001870250005,1kg,(포장일자) 2026.5.26,,(소비기한) 포장일로부터 2년,농산물,"http://coop.foodsafetykorea.go.kr/open/minfo_image.do?fSeq=2655804, http://coop.foodsafetykorea.go.kr/open/minfo_image.do?fSeq=2655805",A0700700000000,2026-09-10 18:28:55.691056,,2등급,목이버섯,20200005547,서울특별시,서울특별시 구로구,2026-09-10
