PRDTNM,BSSHNM,MNFDT,DISTBTMLMT,ADDR,INSTT_NM,REGSTR_TELNO,BRCDNO,FRMLCUNIT,TEST_ITMNM,STDR_STND,TESTANALS_RSLT,CRET_DTM,RTRVLDSUSE_SEQ,PRDLST_REPORT_NO,LCNS_NO,REPORTR_TELNO,PRDLST_CD_NM,sido,sigungu,record_date
부추(L23),전*복,20260309,,울산광역시 울주군,울산광역시 보건환경연구원 보건연구부 농수산물검사소,,21000309959510025009,,프로사이미돈,5.0 mg/kg 이하,20.2 mg/kg,2026.03.11,3000222960,,,,부추,울산광역시,울산광역시 울주군,2026-03-11
시금치(26RF016),고*숙,20260312,,경상북도 상주시,경상북도 보건환경연구원 북부지원 안동농수산물검사소,,2234840028001,,아이소프로티올레인,0.01 이하,0.10,2026.03.16,3000223190,,,,시금치,경상북도,경상북도 상주시,2026-03-16
시금치(26RF016),고*숙,20260312,,경상북도 상주시,경상북도 보건환경연구원 북부지원 안동농수산물검사소,,2234840028001,,터부포스,0.05 이하,0.22,2026.03.16,3000223190,,,,시금치,경상북도,경상북도 상주시,2026-03-16
시금치,심*자,20260316,,경기도 이천시,서울특별시 보건환경연구원 강남농수산물검사소,,,,터부포스,0.05 mg/kg 이하,0.11 mg/kg,2026.03.16,3000223234,,,,시금치,경기도,경기도 이천시,2026-03-16
깻잎,손*순,데이터없음,2026.03.16.(수거일),경상남도 밀양시,서울특별시 보건환경연구원 강남농수산물검사소,,,,에트리디아졸,0.1 mg/kg 이하,0.7,2026.03.16,3000223236,,,,들깻잎,경상남도,경상남도 밀양시,2026-03-16
아욱,서*숙,20260316,,경기도 여주시,서울특별시 보건환경연구원 강남농수산물검사소,,,,터부포스,0.01 mg/kg 이하,0.11 mg/kg,2026.03.16,3000223243,,,,아욱,경기도,경기도 여주시,2026-03-16
부추,정*호,20260316,,경상남도 진주시,대전광역시 보건환경연구원 식의약연구부,,,,터부포스,0.05 mg/kg,1.01 mg/kg,2026.03.17,3000223257,,,,부추,경상남도,경상남도 진주시,2026-03-17
고수,김*기,20260317,,경기도 안성시,서울특별시 보건환경연구원 강남농수산물검사소,,,,파클로부트라졸,0.01 mg/kg 이하,0.54 mg/kg,2026.03.17,3000223285,,,,고수(잎),경기도,경기도 안성시,2026-03-17
고수,김*남,데이터없음,2026.03.17.(수거일),경기도 고양시,서울특별시 보건환경연구원 강남농수산물검사소,,,,메타벤즈티아주론,0.01 mg/kg 이하,0.61 mg/kg,2026.03.17,3000223287,,,,고수(잎),경기도,경기도 고양시,2026-03-17
머위,윤*중,20260305,2026.03.05,충남 논산시,인천광역시 보건환경연구원 식약연구부,,,,클로르페나피르,5.0 mg/kg 이하,6.4 mg/kg,2026.03.17,3000223294,,,,머위,충남,충남 논산시,2026-03-17
깻잎,민*희,데이터없음,2026.03.18.(수거일),경남,서울특별시 보건환경연구원 강남농수산물검사소,,,,디클로르보스,0.7 mg/kg 이하,1.0 mg/kg,2026.03.18,3000223315,,,,들깻잎,경남,경남,2026-03-18
미나리4,이*세,2026-03-11 00:00:00.0,,대구광역 달성군,대구광역시 보건환경연구원 식의약연구부,,,,터부포스,0.01 mg/kg 이하,0.22 mg/kg,2026.03.19,3000223331,,,,미나리,대구광역,대구광역 달성군,2026-03-19
(업무협조-42)돌나물,최*호,20260316,2026.03.16,경기도 성남시,전남광주통합특별시 광주보건환경연구원 식품의약품연구부 서부농수산물검사소,,,,프로사이미돈,0.2 이하,1.6186888324430426,2026.03.19,3000223333,,,,돌나물,경기도,경기도 성남시,2026-03-19
시금치,박*오,20260319,,경기 김포시,,,,,터부포스,0.05 mg/kg,0.20 mg/kg,2026.03.20,3000223349,,,,시금치,경기,경기 김포시,2026-03-20
시금치,이*성,20260319,,경상남도 김해시,부산광역시 보건환경연구원,,,박스,포레이트,0.01 mg/kg,2.07 mg/kg,2026.03.20,3000223355,,,,시금치,경상남도,경상남도 김해시,2026-03-20
깐쪽파,임*진,20260318,,충청남도 금산군,경기도 경기도보건환경연구원,,,,터부포스,0.09 mg/kg,0.38 mg/kg,2026.03.20,3000223368,,,,파,충청남도,충청남도 금산군,2026-03-20
깐쪽파,임*진,20260318,,충청남도 금산군,경기도 경기도보건환경연구원,,,,디메토에이트,0.6 mg/kg,8.3 mg/kg,2026.03.20,3000223368,,,,파,충청남도,충청남도 금산군,2026-03-20
깐쪽파,임*진,20260318,,충청남도 금산군,경기도 경기도보건환경연구원,,,,오메토에이트,0.3 mg/kg,0.6 mg/kg,2026.03.20,3000223368,,,,파,충청남도,충청남도 금산군,2026-03-20
취나물,전*식,20260317,,전남광주통합특별시 순천시,전남광주통합특별시 전남보건환경연구원 동부지원 농산물검사소,,,박스,에토프로포스,0.05 이하,0.9381,2026.03.20,3000223388,,,,취나물,전남광주통합특별시,전남광주통합특별시 순천시,2026-03-20
브로콜리,문*범,20260316,,제주특별자치도 서귀포시,전남광주통합특별시 광주보건환경연구원 식품의약품연구부 각화농산물검사소,,,,피리벤카브,0.01 mg/kg 이하(PLS 기준),0.16 mg/kg,2026.03.20,3000223396,,,,브로콜리,제주특별자치도,제주특별자치도 서귀포시,2026-03-20
치커리,이*리,20260320,,부산광역시 강서구,부산광역시 보건환경연구원,,,박스,카벤다짐,0.01 mg/kg,1.18 mg/kg,2026.03.21,3000223413,,,,치커리(잎),부산광역시,부산광역시 강서구,2026-03-21
쪽파,김*식,20260317,,전북특별자치도 완주군,전북특별자치도 보건환경연구원,,,,디메토에이트,0.6 mg/kg 이하,3.2 mg/kg,2026.03.23,3000223421,,,,파,전북특별자치도,전북특별자치도 완주군,2026-03-23
근대,박*규,20260316,,충북 증평군,충청북도 보건환경연구원 보건연구부 청주농산물검사소,,,,플루벤디아마이드,0.01 이하,0.644,2026.03.23,3000223428,,,,근대,충북,충북 증평군,2026-03-23
깻잎,석*주,데이터없음,2026.03.23.(수거일),경남 밀양시,서울특별시 보건환경연구원 강남농수산물검사소,,,,에토프로포스,0.05 mg/kg 이하,0.58 mg/kg,2026.03.23,3000223470,,,,들깻잎,경남,경남 밀양시,2026-03-23
새싹귀리분말,(주)웰빙,데이터없음,2027.10.19,경상북도 김천시,인천광역시 보건환경연구원 식약연구부 식품분석과,,,500g,금속성이물,10.0미만 mg/kg,44.38 mg/kg,2026.03.23,3000223477,2010051202346,20180545230,,기타가공품,경상북도,경상북도 김천시,2026-03-23
노니분말,주식회사 생생드림,데이터없음,2028.02.26,서울특별시 동대문구,인천광역시 보건환경연구원 식약연구부 식품분석과,,,300g,금속성이물,10.0미만 mg/kg,39.84 mg/kg,2026.03.23,3000223482,20150042798136,20140042362,,기타가공품,서울특별시,서울특별시 동대문구,2026-03-23
핑거루트분말,주식회사 생생드림,20260227,2028.02.26,서울특별시 동대문구,인천광역시 보건환경연구원 식약연구부 식품분석과,,,,금속성이물,10.0미만 mg/kg,100.59 mg/kg,2026.03.23,3000223485,201500427982,20180042767,,기타가공품,서울특별시,서울특별시 동대문구,2026-03-23
횡성한우육회용,횡성청정한우 횡성지점,20260317,2026.03.23,강원특별자치도 횡성군,강원특별자치도 동물위생시험소 축산식품검사과,,,,황색포도상구균,"n=0, c=0, m=0/25g","음성, 양성, 음성, 양성, 음성",2026.03.23,3000223493,,20190413113,,소고기,강원특별자치도,강원특별자치도 횡성군,2026-03-23
강황분말,주식회사 생생드림,20260227,2028.02.26,서울특별시 동대문구,인천광역시 보건환경연구원 식약연구부 식품분석과,,,1kg,금속성이물,10.0미만 mg/kg,70.19  mg/kg,2026.03.23,3000223496,2015004279818,20180042767,,고형차,서울특별시,서울특별시 동대문구,2026-03-23
미나리,금*환,20260316,,경상북도 청도군,대구광역시 보건환경연구원 식의약연구부,,,,프로사이미돈,0.15 이하,1.21,2026.03.24,3000223593,,,,미나리,경상북도,경상북도 청도군,2026-03-24
열무,이*심,2026-03-16 00:00:00.0,,경기도 포천시,대구광역시 보건환경연구원 식의약연구부,,,,터부포스,0.05 이하,0.12,2026.03.24,3000223624,,,,무(잎),경기도,경기도 포천시,2026-03-24
쌈당귀,김*문,20260320,,전남광주통합특별시 광산구,전남광주통합특별시 광주보건환경연구원 식품의약품연구부 각화농산물검사소,,,,클로르페나피르,0.7 mg/kg 이하,1.2 mg/kg,2026.03.24,3000223632,,,,당귀(잎),전남광주통합특별시,전남광주통합특별시 광산구,2026-03-24
부추,조*성,20260324,2026.03.24(수거일자),경상남도 하동군,서울특별시 보건환경연구원 강남농수산물검사소,,,,피리벤카브,0.7 mg/kg 이하,4.9 mg/kg,2026.03.24,3000223635,,,,부추,경상남도,경상남도 하동군,2026-03-24
부추,조*성,20260324,2026.03.24(수거일자),경상남도 하동군,서울특별시 보건환경연구원 강남농수산물검사소,,,,디페노코나졸,0.5 mg/kg 이하,2.7 mg/kg,2026.03.24,3000223635,,,,부추,경상남도,경상남도 하동군,2026-03-24
부추,나*화,20260321,,전남광주통합특별시 나주시,전남광주통합특별시 광주보건환경연구원 식품의약품연구부 각화농산물검사소,,,,메펜트리플루코나졸,2.0 mg/kg 이하,3.0 mg/kg,2026.03.24,3000223645,,,,부추,전남광주통합특별시,전남광주통합특별시 나주시,2026-03-24
육회(우둔)고기,(주)채선당 식품제조육가공사업본부,20260318,2027.07.01,경기도 남양주시,경기도 경기도북부동물위생시험소,,00801000410172,,황색포도상구균,"식중독균 기준: 불검출(n=5, c=0, m=0/25g)","양성,양성,양성,양성,양성",2026.03.25,3000223674,2012033330422,20120333304,,포장육,경기도,경기도 남양주시,2026-03-25
한우육회(우둔),주식회사 월드미트,20260317,2026.03.19,경기도 남양주시,경기도 경기도북부동물위생시험소,,002192190916,,황색포도상구균,"식중독균 기준: 불검출(n=5, c=0, m=0/25g)","양성,양성,양성,양성,양성",2026.03.25,3000223678,,20160333558,,기타축산물고기,경기도,경기도 남양주시,2026-03-25
한우우둔(냉장),주식회사 동인축산,20260316,2026.03.18,대구광역시 서구,부산청 유해물질분석과,,,,여시니아엔테로콜리티카,"n=5, c=0, m=0/25g","양성,양성,양성,양성,양성",2026.03.25,3000223692,,20120163445,,소고기,대구광역시,대구광역시 서구,2026-03-25
젖소 육회,농업회사법인 (주)선유통,20260312,2027.03.11,충청북도 청주시 청원구,부산청 유해물질분석과,,,,리스테리아모노사이토제네스,"n=5, c=0, m=0/25g","양성,양성,양성,양성,양성",2026.03.25,3000223696,,,,포장육,충청북도,충청북도 청주시,2026-03-25
쑥갓,최*욱,20260320,,전남광주통합특별시 남구,전남광주통합특별시 광주보건환경연구원 식품의약품연구부 각화농산물검사소,,,,페니트로티온,0.05 mg/kg 이하,2.89 mg/kg,2026.03.25,3000223700,,,,쑥갓,전남광주통합특별시,전남광주통합특별시 남구,2026-03-25
파워 오메가3 포르테 1310,제이에스헬스케어(jshealthcare),20260115,2029.01.14,대구광역시 북구,대구청 유해물질분석과,,8500134845680,"1,310mg X 180캡슐(총 235.8g)",비타민D,표시량(25 μg /1310 mg)의 80~180%,불검출,2026.03.25,3000223704,,20190012295,,건강기능식품,대구광역시,대구광역시 북구,2026-03-25
부추,김*식,20260320,,경상북도 칠곡군,대구광역시 보건환경연구원 식의약연구부,,,,디메토에이트,0.05 이하 (mg/kg),0.06  (mg/kg),2026.03.25,3000223715,,,,부추,경상북도,경상북도 칠곡군,2026-03-25
부추,김*식,20260320,,경상북도 칠곡군,대구광역시 보건환경연구원 식의약연구부,,,,터부포스,0.05 이하  (mg/kg),0.72  (mg/kg),2026.03.25,3000223715,,,,부추,경상북도,경상북도 칠곡군,2026-03-25
부추,김*식,20260320,,경상북도 칠곡군,대구광역시 보건환경연구원 식의약연구부,,,,오메토에이트,0.05 이하  (mg/kg),0.14  (mg/kg),2026.03.25,3000223715,,,,부추,경상북도,경상북도 칠곡군,2026-03-25
근대,김*문,20260325,,경기도 이천시,서울특별시 보건환경연구원 강남농수산물검사소,,,,파클로부트라졸,2.0 mg/kg 이하,2.8 mg/kg,2026.03.25,3000223724,,,,근대,경기도,경기도 이천시,2026-03-25
강황분말,천지가약초,데이터없음,2028.01.25,서울특별시 동대문구,인천광역시 보건환경연구원 식약연구부 식품분석과,,,"1kg, 250g",금속성이물,"쇳가루 10.0 mg/kg 미만, 금속이물 2mm 미만",92.1 mg/kg,2026.03.26,3000223742,20160042150124,20140042600,,고형차,서울특별시,서울특별시 동대문구,2026-03-26
냉동리치,신정푸드(주),데이터없음,"포장일자: 2025.7.12, 소비기한: 포장일로부터 36개월까지",경기도 파주시,,,8809237783074,1kg,디페노코나졸,0.01 mg/kg 이하(PLS),0.04 mg/kg,2026.03.26,3000223746,,20000320226,,리치,경기도,경기도 파주시,2026-03-26
냉동 패션후르츠,(주)지안,데이터없음,"포장일자: 2025.7.20, 소비기한: 포장일로부터 3년까지",경기도 남양주시,,,8809303620302,1kg,디페노코나졸,0.01 mg/kg 이하(PLS),0.05 mg/kg,2026.03.27,3000223758,,20140333104,,패션프루트,경기도,경기도 남양주시,2026-03-27
S-555 바질,김*민,20260325,,전라북도 김제시,인천광역시 보건환경연구원 식약연구부 삼산농산물검사소,,,,플룩사메타마이드,0.01 이하,0.428,2026.03.26,3000223761,,,,바질(잎),전라북도,전라북도 김제시,2026-03-26
머위,박*순,20260326,2026.03.26(수거일자),충청남도 논산시,서울특별시 보건환경연구원 강남농수산물검사소,,,,스피로테트라맷,5.0 mg/kg 이하,8.5 mg/kg,2026.03.26,3000223771,,,,머위,충청남도,충청남도 논산시,2026-03-26
한우 우둔,주식회사 백제축산,데이터없음,2026.04.14,경상남도 김해시,광주청 유해물질분석과,,,,황색포도상구균,"n=5, c=0, m=0/25g","양성,양성,양성,양성,양성",2026.03.26,3000223773,20220862787143,20220862787,,포장육,경상남도,경상남도 김해시,2026-03-26
쇠고기우둔,주식회사 아이콘시스,20260317,2026.05.15,대구광역시 북구,광주청 유해물질분석과,,L02603173301001,,황색포도상구균,"n=5, c=0, m=0/25g","양성,양성,양성,양성,양성",2026.03.26,3000223781,2015016888210,20150168882,,포장육,대구광역시,대구광역시 북구,2026-03-26
한우 우둔,주식회사 삼형제월드,데이터없음,2026.03.23,인천광역시 계양구,광주청 유해물질분석과,,4800119213454,,장출혈성대장균,"n=5, c=0, m=0/25g","양성,양성,양성,양성,양성",2026.03.26,3000223789,2022026823715,20220268237,,포장육,인천광역시,인천광역시 계양구,2026-03-26
한우 우둔,주식회사 삼형제월드,데이터없음,2026.03.23,인천광역시 계양구,광주청 유해물질분석과,,2000000030807,300g,장출혈성대장균,"n=5, c=0, m=0/25g","양성,양성,양성,양성,양성",2026.03.26,3000223814,2022026823715,20220268237,,포장육,인천광역시,인천광역시 계양구,2026-03-26
한우우둔,주식회사 온우미트,20260317,2026.03.31,경기도 구리시,광주청 유해물질분석과,,,310g,황색포도상구균,"n=5, c=0, m=0/25g","양성,양성,양성,양성,양성",2026.03.26,3000223820,2015003691613,20240500592,,포장육,경기도,경기도 구리시,2026-03-26
한우우둔,주식회사 온우미트,20260317,2026.03.31,경기도 구리시,광주청 유해물질분석과,,,310g,장출혈성대장균,"n=5, c=0, m=0/25g","양성,양성,양성,양성,양성",2026.03.26,3000223820,2015003691613,20240500592,,포장육,경기도,경기도 구리시,2026-03-26
S-573 방풍,"이*자, 김*하, 송*섭",20260326,,전남광주통합특별시 고흥군,인천광역시 보건환경연구원 식약연구부 삼산농산물검사소,,,,포레이트,0.01 이하,0.436,2026.03.26,3000223821,,,,방풍나물,전남광주통합특별시,전남광주통합특별시 고흥군,2026-03-26
우설도,주식회사 제이에스엠씨,20260319,2027.03.18,경기도 용인시 처인구,경기도 경기도동물위생시험소,,,,장출혈성대장균,"n=5, c=0, m=0/25g","양성, 양성, 양성, 양성, 양성",2026.03.26,3000223861,2022048117010,20220481170,,포장육,경기도,경기도 용인시,2026-03-26
냉이,조*빈,20260320,,경상남도,경상남도 보건환경연구원 식약품연구부,,21000511738950020009,,메타벤즈티아주론,0.01 이하,0.18,2026.03.27,3000223874,,,,냉이,경상남도,경상남도,2026-03-27
한우 육회,(주)폴비락 진주지점,20260324,2026.03.26,경상남도 진주시,경상남도 동물위생시험소 축산물위생과,,,,황색포도상구균,"n=5, c=0, m=0/25g","양성,양성,양성, 음성,음성",2026.03.27,3000223893,2024091023070,20240910230,,포장육,경상남도,경상남도 진주시,2026-03-27
소고기(육사시미),HG푸드,20260324,2026.04.06,경상남도 거제시,경상남도 동물위생시험소 축산물위생과,,,,황색포도상구균,"n=5, c=0, m=0/25g","음성,양성,음성,음성,음성",2026.03.27,3000223900,202106040853,20210604085,,포장육,경상남도,경상남도 거제시,2026-03-27
S-576 머위,김*열,20260327,,충청남도 논산시,인천광역시 보건환경연구원 식약연구부 삼산농산물검사소,,,,아세타미프리드,2.0 이하,4.66,2026.03.27,3000223926,,,,머위,충청남도,충청남도 논산시,2026-03-27
우둔육회,더블에프엔비 주식회사(제1공장),20260323,2027.03.24,경기도 파주시,경기도 경기도북부동물위생시험소,,,,황색포도상구균,"불검출(n=5, c=0, m=0/25g)","양성,양성,양성,양성,양성",2026.03.27,3000223939,2024054299420,20240542994,,포장육,경기도,경기도 파주시,2026-03-27
한우 육사시미,(주)미프레시,데이터없음,2026.04.01,경기도 구리시,경기도 경기도북부동물위생시험소,,002188461969,,클로스트리디움퍼프린젠스,"불검출(n=5, c=0, m=0/25g)","음성,음성,음성,양성,음성",2026.03.27,3000223946,202505003815,20250500381,,포장육,경기도,경기도 구리시,2026-03-27
쇠고기우둔,주식회사아이콘시스,20260317,2026.05.15,대구광역시 북구,광주청 농축수산물안전과,,,,황색포도상구균,"n=5, c=0, m=0/25g","양성,양성,양성,양성,양성",2026.03.27,3000223947,2015016888210,20150168881,,포장육,대구광역시,대구광역시 북구,2026-03-27
한우설깃살,(주)범총각푸드,20260317,2026.03.23,전남광주통합특별시 북구,광주청 농축수산물안전과,,,,황색포도상구균,"n=5, c=0, m=0/25g","양성,양성,양성,양성,양성",2026.03.27,3000223950,2019022409142,20190224091,,포장육,전남광주통합특별시,전남광주통합특별시 북구,2026-03-27
한우설깃살,(주)범총각푸드,20260317,2026.03.23,전남광주통합특별시 북구,광주청 농축수산물안전과,,,,여시니아엔테로콜리티카,"n=5, c=0, m=0/25g","양성,양성,양성,양성,양성",2026.03.27,3000223950,2019022409142,20190224091,,포장육,전남광주통합특별시,전남광주통합특별시 북구,2026-03-27
한우설깃살,(주)범총각푸드,20260317,2026.03.23,전남광주통합특별시 북구,광주청 농축수산물안전과,,,,장출혈성대장균,"n=5, c=0, m=0/25g","양성,양성,양성,양성,양성",2026.03.27,3000223950,2019022409142,20190224091,,포장육,전남광주통합특별시,전남광주통합특별시 북구,2026-03-27
강황분말,바라크월드팜,데이터없음,2028.01.21,경기도 김포시,인천광역시 보건환경연구원 식약연구부 식품분석과,,8809432235422,350g,금속성이물,"쇳가루 10.0 mg/kg 미만, 금속이물 2 mm 미만이어야 함",쇳가루 39.3 mg/kg,2026.03.30,3000223980,2007035567290,20140205357,,기타가공품,경기도,경기도 김포시,2026-03-30
강황가루,헬로우 그린(hello green),20260122,제조일부터 24개월,서울특별시 동대문구,인천광역시 보건환경연구원 식약연구부 식품분석과,,,500g,금속성이물,"쇳가루 10.0 mg/kg 미만, 금속이물 2mm 미만",214.2 mg/kg,2026.03.30,3000223991,201800421911,20190042380,,고형차,서울특별시,서울특별시 동대문구,2026-03-30
소고기(육회),HG푸드,20260324,2026.04.06,경상남도 거제시,경상남도 동물위생시험소 축산물위생과,,,,장출혈성대장균,"n=5, c=0, m=0/25g","음성, 음성, 음성, 양성, 음성",2026.03.30,3000223992,202106040852,20210604085,,포장육,경상남도,경상남도 거제시,2026-03-30
합천황토한우 다짐육,합천축협축산물판매장,20260324,2026.03.30,경상남도 합천군,경상남도 동물위생시험소 축산물위생과,,,,장출혈성대장균,"n=5, c=0, m=0/25g","양성, 음성, 음성, 음성, 음성",2026.03.30,3000223999,20080625053115,20080625053,,포장육,경상남도,경상남도 합천군,2026-03-30
보리새싹가루,헬로우 그린(hello green),20250512,제조일로부터 24개월,서울특별시 동대문구,인천광역시 보건환경연구원 식약연구부 식품분석과,,,500g,금속성이물,"쇳가루 10.0 mg/kg 미만, 금속이물 2mm 미만",41.6 mg/kg,2026.03.30,3000224010,20060042813491,20190042380,,기타가공품,서울특별시,서울특별시 동대문구,2026-03-30
노니분말,주식회사 디딤푸드,데이터없음,2028.02.22,서울특별시 동대문구,인천광역시 보건환경연구원 식약연구부 식품분석과,,,300g,금속성이물,"쇳가루 10.0 mg/kg 미만, 금속이물 2 mm 미만이어야 함",134.3 mg/kg,2026.03.30,3000224022,20160042150114,20200042553,,고형차,서울특별시,서울특별시 동대문구,2026-03-30
강황가루,유앤아이허브,데이터없음,2028.01.21,서울특별시 동대문구,인천광역시 보건환경연구원 식약연구부 식품분석과,,,500g,금속성이물,"쇳가루 10.0 mg/kg 미만, 금속이물 2 mm 미만이어야 함",36.9 mg/kg,2026.03.30,3000224031,201800421911,20200290158,,고형차,서울특별시,서울특별시 동대문구,2026-03-30
육사시미,농업회사법인(주)남부파머스,20260324,2026.03.27,경상남도 거창군,경상남도 동물위생시험소 축산물위생과,,,,여시니아엔테로콜리티카,"n=5, c=0, m=0/25g","음성, 음성, 양성, 음성, 양성",2026.03.30,3000224033,2021061703734,20210617037,,포장육,경상남도,경상남도 거창군,2026-03-30
방풍나물,최*숙,20260325,,전남광주통합특별시 여수시,경기도 경기도보건환경연구원,,,4kg,프로페노포스,0.01 mg/kg,0.56 mg/kg,2026.03.30,3000224041,,,,방풍나물,전남광주통합특별시,전남광주통합특별시 여수시,2026-03-30
참나물,정*모,20260326,,전북특별자치도 완주군,전남광주통합특별시 광주보건환경연구원 식품의약품연구부 각화농산물검사소,,,,다이아지논,0.01 mg/kg 이하(PLS 기준),6.08 mg/kg,2026.03.31,3000224072,,,,참나물,전북특별자치도,전북특별자치도 완주군,2026-03-31
한우 생고기,빌라식육점,20260323,2026.04.06,전남광주통합특별시 목포시,광주청 유해물질분석과,,2010200002009,,황색포도상구균,"n=5, c=0, m=0/25g","양성,양성,양성,양성,양성",2026.03.31,3000224073,,20170503201,,소고기,전남광주통합특별시,전남광주통합특별시 목포시,2026-03-31
상추,유*만,20260330,2026.03.30,경기도 안성시,경기도 경기도보건환경연구원,,,1상자(4 kg),알라클로르,0.01 mg/kg,0.03 mg/kg,2026.03.31,3000224098,,,,상추,경기도,경기도 안성시,2026-03-31
케일,김*섭,20260331,2026.03.31(수거일자),경기도 이천시,서울특별시 보건환경연구원 강남농수산물검사소,,,,파클로부트라졸,2.0 mg/kg 이하,7.8 mg/kg,2026.03.31,3000224119,,,,케일,경기도,경기도 이천시,2026-03-31
소고기(육사시미),HG푸드,20260324,2026.04.06,경상남도 거제시,경상남도 동물위생시험소 축산물위생과,,,,리스테리아모노사이토제네스,"n=5, c=0, m=0/25g","양성, 음성, 음성, 음성, 음성",2026.04.01,3000224133,202106040853,20210604085,,포장육,경상남도,경상남도 거제시,2026-04-01
한우육회,한우잡는날,20260324,2026.03.25,제주특별자치도 서귀포시,제주특별자치도 동물위생시험소 축산물안전과,,,310~456g,황색포도상구균,"n=5, c=0, m=0/25g","음성,음성,음성,양성,음성",2026.04.01,3000224134,,20230911729,,소고기,제주특별자치도,제주특별자치도 서귀포시,2026-04-01
육사시미,농업회사법인(주)남부파머스,20260324,2026.03.27,경상남도 거창군,경상남도 동물위생시험소 축산물위생과,,,,리스테리아모노사이토제네스,"n=5, c=0, m=0/25g","음성,음성,양성,음성,음성",2026.04.01,3000224144,2021061703734,20210617037,,포장육,경상남도,경상남도 거창군,2026-04-01
육회,농업회사법인(주)남부파머스,20260324,2026.03.27,경상남도 거창군,경상남도 동물위생시험소 축산물위생과,,,,리스테리아모노사이토제네스,"n=5, c=0, m=0/25g","음성,음성,양성,양성,음성",2026.04.01,3000224146,202106170379,20210617037,,포장육,경상남도,경상남도 거창군,2026-04-01
계피분말,농업회사법인주식회사두손애약초,데이터없음,2027.12.09,경상북도 영천시,인천광역시 보건환경연구원 식약연구부 식품분석과,,8809340568667,200g,금속성이물,"쇳가루 10.0 mg/kg 미만, 금속이물 20 mm 미만이어야 함",31.0 mg/kg,2026.04.01,3000224174,20180042191510,20160555012,,고형차,경상북도,경상북도 영천시,2026-04-01
시금치,손*옥,20260401,,경상북도 칠곡군,대구광역시 보건환경연구원 식의약연구부,,,,터부포스,0.05 이하,1.23 mg/kg,2026.04.02,3000224227,,,,시금치,경상북도,경상북도 칠곡군,2026-04-02
냉동리치,신정푸드(주),데이터없음,"포장일자: 2026.2.4, 소비기한: 포장일로부터 36개월까지",경기도 파주시,부산청 유해물질분석과,,8809237783074,1kg,디페노코나졸,0.01 mg/kg(PLS),0.06 mg/kg,2026.04.02,3000224242,,20000320226,,리치,경기도,경기도 파주시,2026-04-02
냉동리치,신정푸드(주),데이터없음,"포장일자: 2025.8.6, 소비기한: 포장일로부터 36개월까지",경기도 파주시,부산청 유해물질분석과,,8809237783074,1kg,디페노코나졸,0.01 mg/kg(PLS),0.05 mg/kg,2026.04.02,3000224248,,20000320226,,리치,경기도,경기도 파주시,2026-04-02
부추,농*협,20260325,,"경남진주,",서울특별시 보건환경연구원 강남농수산물검사소,,,,프로사이미돈,5.0 mg/kg 이하,19.0 mg/kg,2026.04.02,3000224262,,,,부추,"경남진주,","경남진주,",2026-04-02
근대,백*자,20260402,,부산광역시 강서구,부산광역시 보건환경연구원,,,박스,플루아지남,0.01 mg/kg,0.12 mg/kg,2026.04.03,3000224268,,,,근대,부산광역시,부산광역시 강서구,2026-04-03
치커리,박*진,20260402,,경기도 이천시,강원특별자치도 보건환경연구원 식약품연구부 농산물검사과,,,,포스티아제이트,0.5 이하,1.5053,2026.04.03,3000224272,,,,치커리(잎),경기도,경기도 이천시,2026-04-03
시금치(N-0402-5),박*종,20260402,2026.04.02,전남광주통합특별시 완도군,전남광주통합특별시 광주보건환경연구원 식품의약품연구부 서부농수산물검사소,,,,터부포스,0.05 이하,0.2529628910044686,2026.04.03,3000224277,,,,시금치,전남광주통합특별시,전남광주통합특별시 완도군,2026-04-03
한우 육회용(냉장),서온축산,20260323,2026.03.25,경상북도 영주시,경인청 유해물질분석과,,,,장출혈성대장균,"n=5, c=0, m=0/25g","양성,양성,양성,양성,양성",2026.04.03,3000224293,,20210558136,,소고기,경상북도,경상북도 영주시,2026-04-03
한우 육회용(냉장),서온축산,20260323,2026.03.25,경상북도 영주시,경인청 유해물질분석과,,,,클로스트리디움퍼프린젠스,"n=5, c=0, m=0/25g","양성,음성,음성,양성,음성",2026.04.03,3000224293,,20210558136,,소고기,경상북도,경상북도 영주시,2026-04-03
한우 육회용(냉장),서온축산,20260323,2026.03.25,경상북도 영주시,경인청 유해물질분석과,,,,여시니아엔테로콜리티카,"n=5, c=0, m=0/25g","양성,양성,양성,양성,양성",2026.04.03,3000224293,,20210558136,,소고기,경상북도,경상북도 영주시,2026-04-03
시금치,김*자,20260401,,경상남도 진주시,경상남도 보건환경연구원 식약품연구부,,,,터부포스,0.05 이하,0.173,2026.04.03,3000224309,,,,시금치,경상남도,경상남도 진주시,2026-04-03
깻잎,황*식,20260401,,경상남도 진주시,경상남도 보건환경연구원 식약품연구부,,,,오리사스트로빈,0.01 이하,0.018,2026.04.03,3000224314,,,,들깻잎,경상남도,경상남도 진주시,2026-04-03
진선미 배추김치,농업회사법인(주)대광에프앤지,20260318,제조일로부터 90일,경상남도 김해시,경상남도 보건환경연구원 감염병연구부,,,"1kg,2kg,3kg,4kg,5kg,10kg",여시니아엔테로콜리티카,"n=5, c=0, m=0/25g","양성, 양성, 양성, 양성, 양성",2026.04.03,3000224315,1994060734012,19940607340,,김치,경상남도,경상남도 김해시,2026-04-03
미나리,구*희,20260319,,충남 서천군,,,,,옥사디아존,0.01 mg/kg 이하(PLS),0.06 mg/kg,2026.04.06,3000224397,,,,미나리,충남,충남 서천군,2026-04-06
한우암소 생차돌박이,(주)믿어보소,20260324,2026.03.30,전남광주통합특별시 북구,서울청 유해물질분석과,,002183702472,,리스테리아모노사이토제네스,"n=5, c=0, m=0/25g","양성,양성,양성,양성,양성",2026.04.06,3000224400,,20200224874,,포장육,전남광주통합특별시,전남광주통합특별시 북구,2026-04-06
방풍나물(A-0406-1),김*자,20260406,2026.04.06,전남광주통합특별시 곡성군,전남광주통합특별시 광주보건환경연구원 식품의약품연구부 서부농수산물검사소,,,,터부포스,0.1 이하,1.089679607007913,2026.04.07,3000224430,,,,방풍나물,전남광주통합특별시,전남광주통합특별시 곡성군,2026-04-07
1++ 한우 육회,주식회사 우원,20260325,2026.03.28,부산광역시 기장군,부산광역시 보건환경연구원 동물위생시험소 축산물검사팀,,,,리스테리아모노사이토제네스,"n=5, c=0, m=0/25g","양성, 양성, 양성, 양성, 양성",2026.04.07,3000224443,20180147303203,20240214815,,포장육,부산광역시,부산광역시 기장군,2026-04-07
깻잎,최*옥,20260406,2026.04.06,경상남도 밀양시,경기도 경기도보건환경연구원,,,,피플루뷰마이드,0.01mg/kg,0.47mg/kg,2026.04.07,3000224454,,,,들깻잎,경상남도,경상남도 밀양시,2026-04-07
쑥갓,장*수,20260406,,경기도 시흥시,경기도 경기도보건환경연구원,,,4kg,사이플루메토펜,0.01,0.18,2026.04.07,3000224476,,,,쑥갓,경기도,경기도 시흥시,2026-04-07
가지(강북유잔04-07-08),유*은,20260407,,경상남도 창원시,서울특별시 보건환경연구원 강북농수산물검사소,,,,프로사이미돈,0.01 이하 (mg/kg),0.10 (mg/kg),2026.04.07,3000224483,,,,가지,경상남도,경상남도 창원시,2026-04-07
머위,유*심,20260406,,충청남도 서천군,강원특별자치도 보건환경연구원 식약품연구부 농산물검사과,,,,펜디메탈린,0.05 mg/kg 이하,0.13 mg/kg,2026.04.08,3000224506,,,,머위,충청남도,충청남도 서천군,2026-04-08
얼갈이,조*숙,20260407,,경기도 포천시,경기도 경기도보건환경연구원,,,,테부피림포스,0.01 mg/kg,0.03 mg/kg,2026.04.08,3000224517,,,,엇갈이배추,경기도,경기도 포천시,2026-04-08
적겨자잎,김*철,데이터없음,2026.04.09.(수거일),경기도 이천시,서울특별시 보건환경연구원 강남농수산물검사소,,,,파클로부트라졸,3.0 mg/kg,7.8 mg/kg,2026.04.09,3000224573,,,,겨자채,경기도,경기도 이천시,2026-04-09
고춧잎,정*권,20260407,,대전광역시 유성구,대전광역시 보건환경연구원 식의약연구부,,,4kg*1=4kg,터부포스,0.05이하(mg/kg),0.97(mg/kg),2026.04.09,3000224575,,,,고춧잎,대전광역시,대전광역시 유성구,2026-04-09
취나물,김*수,20260409,,전북 완주군,,,,,에토프로포스,0.05 mg/kg,0.18 mg/kg,2026.04.09,3000224587,,,,취나물,전북,전북 완주군,2026-04-09
치커리,박*오,20260409,,경기 김포시,,,,,터부포스,0.01 mg/kg 이하(PLS),0.11 mg/kg,2026.04.10,3000224629,,,,치커리(잎),경기,경기 김포시,2026-04-10
동초,박*경,20260412,,경상남도 김해시,부산광역시 보건환경연구원,,,박스,메타벤즈티아주론,0.01 mg/kg,0.06 mg/kg,2026.04.13,3000224642,,,,유채,경상남도,경상남도 김해시,2026-04-13
열무,손*철,20260407,,경기 고양시,,,,,터부포스,0.05 mg/kg 이하,0.22 mg/kg,2026.04.13,3000224675,,,,무(잎),경기,경기 고양시,2026-04-13
청양 구기자,토종마을,20260305,2028.03.04,경기도 남양주시,,,1100001247554,,티아메톡삼,1.5 mg/kg 이하,1.6 mg/kg,2026.04.13,3000224680,,20160333083,,구기자건조,경기도,경기도 남양주시,2026-04-13
청양 구기자,토종마을,20260305,2028.03.04,경기도 남양주시,,,1100001247554,,카벤다짐,2.0 mg/kg 이하,4.2 mg/kg,2026.04.13,3000224680,,20160333083,,구기자건조,경기도,경기도 남양주시,2026-04-13
카트크,아미라 밀크 (AMIRA MILK),데이터없음,2026.05.10,경기도 평택시,경기도 경기도동물위생시험소,,,,황색포도상구균,"n=5, c=0, m=0/25g","양성, 양성, 양성, 양성, 양성",2026.04.13,3000224700,202503710082,20250371008,,농후발효유,경기도,경기도 평택시,2026-04-13
당근,윤*희,20260413,2026.04.13,경상남도 창원시,전남광주통합특별시 광주보건환경연구원 식품의약품연구부 서부농수산물검사소,,,,터부포스,0.05 이하,0.21521839647613437,2026.04.14,3000224710,,,,당근,경상남도,경상남도 창원시,2026-04-14
달래,백*근,20260413,,충남 서천군,,,,,터부포스,0.3 mg/kg 이하,0.5 mg/kg,2026.04.14,3000224747,,,,달래,충남,충남 서천군,2026-04-14
백오이,이*희,20260414,2026.04.14,인천광역시 강화군,서울특별시 보건환경연구원 강남농수산물검사소,,,,메트코나졸,0.01 mg/kg 이하,0.07,2026.04.14,3000224750,,,,오이,인천광역시,인천광역시 강화군,2026-04-14
훈연 돼지막창,삼육유통,20260319,2026.03.27,울산광역시 남구,울산광역시 보건환경연구원 동물위생시험소,,8 809818 710031,팩,보존료,불검출,검출,2026.04.15,3000224781,2014024400710,20140244007,,양념육,울산광역시,울산광역시 남구,2026-04-15
제주레몬,양*영,20260413,,제주특별자치도 제주시,경기도 경기도보건환경연구원,,,450g,다이아지논,0.01 mg/kg 이하(PLS),0.14 mg/kg,2026.04.16,3000224836,,,,레몬,제주특별자치도,제주특별자치도 제주시,2026-04-16
가지,고*채,20260414,,전남광주통합특별시 화순군,전남광주통합특별시 전남보건환경연구원 동부지원 농산물검사소,,,,스피로테트라맷,0.7 이하,1.8265,2026.04.16,3000224845,,,,가지,전남광주통합특별시,전남광주통합특별시 화순군,2026-04-16
슈퍼 멀티비타민 이뮨부스트,주식회사 동도에프앤피,데이터없음,2026.11.11,서울특별시 강남구,경인청 시험분석센터 식품기준분석과,,7350122362412,250ml(25ml X 10병),판토텐산,표시량의 80～180%,52%,2026.04.16,3000224863,,20240016876,,건강기능식품,서울특별시,서울특별시 강남구,2026-04-16
농산물-260416-001 적치커리,빅*순,20260416,,경기도 이천시,강원특별자치도 보건환경연구원 식약품연구부 농산물검사과,,,,파클로부트라졸,2.0 이하,9.4 mg/kg,2026.04.16,3000224892,,,,치커리(잎),경기도,경기도 이천시,2026-04-16
구기자,정*교,20260405,,경북 봉화군,경상북도 보건환경연구원 북부지원 안동농수산물검사소,,,,클로르페나피르,3.0 이하,4.822,2026.04.16,3000224909,,,,구기자건조,경북,경북 봉화군,2026-04-16
와일드,이*호,20260416,2026.04.16.(수거일자),경기도 이천시,서울특별시 보건환경연구원 강남농수산물검사소,,,,사이플루메토펜,0.01 이하 (기준 규격 없음),0.05 mg/kg,2026.04.16,3000224915,,,,루꼴라,경기도,경기도 이천시,2026-04-16
안성마춤 한우너비아니,안성마춤농협조합공동사업법인,데이터없음,2027.03.24,경기도 안성시,경기도 경기도동물위생시험소,,,,장출혈성대장균,"n=5, c=0, m=0/25g",양성,2026.04.17,3000224955,201502620727,20150262072,,분쇄가공육제품,경기도,경기도 안성시,2026-04-17
방풍나물,김*연,20260417,2026.04.17,경북,서울특별시 보건환경연구원 강남농수산물검사소,,,,터부포스,0.1mg/kg,3.7mg/kg,2026.04.17,3000224966,,,,방풍나물,경북,경북,2026-04-17
오미자,산청원임산물유통센터,20260407,,경상남도 산청군,경상남도 보건환경연구원 식약품연구부,,,,디노테퓨란,0.01 이하,0.107,2026.04.20,3000225009,,,,오미자,경상남도,경상남도 산청군,2026-04-20
오미자,천*약*초,데이터없음,2028.03.07,,대전광역시 보건환경연구원 식의약연구부,,,,플루오피람,0.01 mg/kg 이하,0.05 mg/kg,2026.04.20,3000225050,,,,오미자,,,2026-04-20
고수,송*민,20260420,,경기 고양시,,,,,알라클로르,0.01 mg/kg 이하(PLS),0.15 mg/kg,2026.04.21,3000225070,,,,허브류,경기,경기 고양시,2026-04-21
시금치,강*일,20260420,,충북 청주시,충청북도 보건환경연구원 보건연구부 청주농산물검사소,,,,터부포스,0.05 이하,0.166,2026.04.21,3000225074,,,,시금치,충북,충북 청주시,2026-04-21
한우 육회 150g(냉장),이*소,20260413,2026.04.16,서울특별시 동대문구,서울특별시 보건환경연구원 동물위생시험소,,,,황색포도상구균,"n=5, c=0, m=0/25g",검출,2026.04.21,3000225096,,20190290182,,소고기,서울특별시,서울특별시 동대문구,2026-04-21
한우육회,우*종,데이터없음,2026.04.17,서울특별시 성동구,서울특별시 보건환경연구원,,2000150000002,200g,여시니아엔테로콜리티카,"n=5, c=0, m=0/25g",검출,2026.04.21,3000225102,,20210346547,,소고기,서울특별시,서울특별시 성동구,2026-04-21
한우육회(냉장),마블유통,20260413,2026.04.19,서울특별시 성동구,서울특별시 보건환경연구원 동물위생시험소,,,,장출혈성대장균,"n=5, c=0, m=0/25g",검출,2026.04.21,3000225105,,20170345061,,소고기,서울특별시,서울특별시 성동구,2026-04-21
한우육회,(주)으뜸축산,20260413,2026.05.27,서울특별시 성동구,서울특별시 보건환경연구원 동물위생시험소,,,,장출혈성대장균,"n=5, c=0, m=0/25g",검출,2026.04.21,3000225110,2010003676121,20100036761,,포장육,서울특별시,서울특별시 성동구,2026-04-21
시금치(L71),최*자,20260420,,울산광역시 북구,울산광역시 보건환경연구원 보건연구부 농수산물검사소,,21000129542730020009,,포레이트,0.01 mg/kg 이하,0.12 mg/kg,2026.04.21,3000225131,,,,시금치,울산광역시,울산광역시 북구,2026-04-21
시금치,오*석,20260421,,경기도 여주시,서울특별시 보건환경연구원 강남농수산물검사소,,,,카바릴,0.01 mg/kg 이하,0.05 mg/kg,2026.04.21,3000225144,,,,시금치,경기도,경기도 여주시,2026-04-21
치커리,심*태,20260421,,경상북도 경산시,대구광역시 보건환경연구원 식의약연구부,,,,카벤다짐,0.01 이하,0.26 mg/kg,2026.04.22,3000225147,,,,치커리(잎),경상북도,경상북도 경산시,2026-04-22
냉동흰다리새우살,(주)조은수산,20251013,2028.10.12,부산광역시 동구,서울특별시 보건환경연구원 강남농수산물검사소,,8809971440400,450g,노르플록사신,불검출,0.005 mg/kg,2026.04.22,3000225166,,20090129167,,기타 수산물가공품,부산광역시,부산광역시 동구,2026-04-22
냉동흰다리새우살,(주)조은수산,20251013,2028.10.12,부산광역시 동구,서울특별시 보건환경연구원 강남농수산물검사소,,8809971440400,450g,독시싸이클린,0.01 mg/kg,0.19 mg/kg,2026.04.22,3000225166,,20090129167,,기타 수산물가공품,부산광역시,부산광역시 동구,2026-04-22
냉동흰다리새우살,(주)조은수산,20251013,2028.10.12,부산광역시 동구,서울특별시 보건환경연구원 강남농수산물검사소,,8809971440400,450g,메트로니다졸,불검출,0.022 mg/kg,2026.04.22,3000225166,,20090129167,,기타 수산물가공품,부산광역시,부산광역시 동구,2026-04-22
구기자,약용작물산지유통센터(APC),20260205,,경상북도 영주시,충청남도 보건환경연구원 식약품연구부,,8809052505004,250g,프로피코나졸,0.01 mg/kg 이하(PLS),0.70 mg/kg,2026.04.22,3000225170,,,,구기자건조,경상북도,경상북도 영주시,2026-04-22
명인명작 통팥도라야끼,(주)호남샤니,데이터없음,2026.05.09,전남광주통합특별시 광산구,대구광역시 보건환경연구원 식의약연구부,,8801068087017,300g,황색포도상구균,"n=5, c=0, m=0/25g",양성,2026.04.23,3000225219,199102270211091,19910227021,,빵류,전남광주통합특별시,전남광주통합특별시 광산구,2026-04-23
S-764 고수,박*숙,20260422,,경기도 고양시,인천광역시 보건환경연구원 식약연구부 삼산농산물검사소,,,,터부포스,0.01 이하,0.166,2026.04.23,3000225231,,,,고수(잎),경기도,경기도 고양시,2026-04-23
고수,이*현,20260423,2026.04.23,경기도 포천시,서울특별시 보건환경연구원 강남농수산물검사소,,,,리뉴론,0.01 mg/kg 이하,0.12 mg/kg,2026.04.23,3000225271,,,,고수(잎),경기도,경기도 포천시,2026-04-23
흙대파,권*안,20260421,,전남광주통합특별시 신안군,대구광역시 보건환경연구원 식의약연구부,,,,아이소프로티올레인,0.01 mg/kg 이하,0.24 mg/kg,2026.04.24,3000225281,,,,파,전남광주통합특별시,전남광주통합특별시 신안군,2026-04-24
진미조미오징어,원*산,20260416,2027.04.15,강원특별자치도 강릉시,,,,,대장균,"n=5, c=2, m=0, M=10","n(1)=100, n(2)=35, n(3)=95, n(4)=0, n(5)=70",2026.04.25,3000225342,201303863412,20130386341,,조미건어포,강원특별자치도,강원특별자치도 강릉시,2026-04-25
오이맛고추,장*임,20260424,,경상남도 창녕군,대전광역시 보건환경연구원 식의약연구부,,,10kg*26=260kg,에토프로포스,0.02 이하,1.190,2026.04.27,3000225352,,,,고추,경상남도,경상남도 창녕군,2026-04-27
프리미엄 알티지 오메가-3 1100,뉴트라칼 주식회사,데이터없음,2028.07.16,서울특별시 서초구,서울청 유해물질분석과,,8809760951537,"1,201mg X 180캡슐(총 216.18g)",EPA와 DHA의 합,80이상 120이하,34.6,2026.04.27,3000225386,,20240004561,,건강기능식품,서울특별시,서울특별시 서초구,2026-04-27
4.쑥,김*순,20260421,,충남 태안군,세종특별자치시 보건환경연구원,,,,폭심,0.01 이하,0.027,2026.04.27,3000225436,,,,쑥,충남,충남 태안군,2026-04-27
4.쑥,김*순,20260421,,충남 태안군,세종특별자치시 보건환경연구원,,,,펜디메탈린,0.01 이하,0.087,2026.04.27,3000225436,,,,쑥,충남,충남 태안군,2026-04-27
14.감자,김*농*,20260421,,전라북도 김제시,세종특별자치시 보건환경연구원,,,,터부포스,0.03 이하,0.045,2026.04.27,3000225448,,,,감자,전라북도,전라북도 김제시,2026-04-27
낫슈99,(주)우포라이스텍,데이터없음,2027.-0.5-,경상남도 창녕군,부산청 유해물질분석과,,8809220292316,,세균수,"n=5, c=2, m=1000, M=10000","47 000, 33 000, 20 000, 22 000, 5 600",2026.04.28,3000225470,2003061807477,20030618074,,당뇨환자용 영양조제식품,경상남도,경상남도 창녕군,2026-04-28
낫슈99,(주)우포라이스텍,데이터없음,2027.-0.5-,경상남도 창녕군,부산청 유해물질분석과,,8809220292316,,나이아신,표시량(2.92 mgNE /25 g) 이상,1.216,2026.04.28,3000225470,2003061807477,20030618074,,당뇨환자용 영양조제식품,경상남도,경상남도 창녕군,2026-04-28
낫슈99,(주)우포라이스텍,데이터없음,2027.-0.5-,경상남도 창녕군,부산청 유해물질분석과,,8809220292316,,조단백질,표시량(1포(25g) 당 9g) 이상,2.4,2026.04.28,3000225470,2003061807477,20030618074,,당뇨환자용 영양조제식품,경상남도,경상남도 창녕군,2026-04-28
잠봉,박*정,데이터없음,2026.-0.4-,경상북도 의성군,경인지방식품의약품안전청,,,,리스테리아모노사이토제네스,"n=5, c=0, m=0/25g","양성,양성,양성,양성,양성",2026.04.29,3000225495,202408220145,20240822014,,햄,경상북도,경상북도 의성군,2026-04-29
잠봉,주식회사 샤르베티에,20260408,2026.10.04,충청남도 천안시 서북구,경인지방식품의약품안전청,,,,리스테리아모노사이토제네스,"n=5, c=0, m=0/25g","양성,양성,양성,양성,양성",2026.04.29,3000225504,2025068101817,20250681018,,햄,충청남도,충청남도 천안시,2026-04-29
수-128 광어,확인불가,20260427,,전남광주통합특별시 완도군,인천광역시 보건환경연구원 식약연구부 수산물검사소,,,,아목시실린,0.05 이하,0.088,2026.04.29,3000225513,,,,넙치,전남광주통합특별시,전남광주통합특별시 완도군,2026-04-29
수-128 광어,확인불가,20260427,,전남광주통합특별시 완도군,인천광역시 보건환경연구원 식약연구부 수산물검사소,,,,동물용의약품신속키트검사,적합,양성,2026.04.29,3000225513,,,,넙치,전남광주통합특별시,전남광주통합특별시 완도군,2026-04-29
쑥갓(강북공잔04-29-01),김*정,20260429,,경기 포천시,서울특별시 보건환경연구원 강북농수산물검사소,,,,다이아지논,0.01 mg/kg 이하,0.07 mg/kg,2026.04.29,3000225549,,20200451021,,쑥갓,경기,경기 포천시,2026-04-29
쑥갓,김*민,20260429,,인천 계양구,,,,,시마진,0.01 mg/kg 이하(PLS),0.33 mg/kg,2026.04.30,3000225564,,,,쑥갓,인천,인천 계양구,2026-04-30
고수,노*곤,20260429,,경상북도 칠곡군,대구광역시 보건환경연구원 식의약연구부,,,,에타복삼,0.01 이하,0.13 mg/kg,2026.04.30,3000225573,,,,고수(잎),경상북도,경상북도 칠곡군,2026-04-30
프리미엄 오메가3 1310 EPA&DHA,(주)더조은월드,데이터없음,2028.02.10,서울특별시 서초구,대구청 유해물질분석과,,8500134845666,"1,310mg X 180 캡슐 X 2(총 471.6g)",비타민D,"표시량(25 μg/ 1,310 mg)의 80 ~ 180%",불검출,2026.04.30,3000225578,,20240004632,,건강기능식품,서울특별시,서울특별시 서초구,2026-04-30
양배추,김*준,2026-04-27 00:00:00.0,,경상남도 밀양시,대구광역시 보건환경연구원 식의약연구부,,,,포스티아제이트,0.01 이하,0.05 mg/kg,2026.04.30,3000225607,,,,양배추,경상남도,경상남도 밀양시,2026-04-30
파슬리,이*종,20260428,,경기도 이천시,경기도 경기도보건환경연구원,,,100g,디페노코나졸,0.01 mg/kg(PLS),0.06 mg/kg,2026.04.30,3000225619,,,,파슬리,경기도,경기도 이천시,2026-04-30
고수,이*경,20260506,2026.05.06.(수거일자),경기도 포천시,서울특별시 보건환경연구원 강남농수산물검사소,,,,리뉴론,0.01 이하 (기준 규격 없음),1.57 mg/kg,2026.05.06,3000225719,,,,고수(잎),경기도,경기도 포천시,2026-05-06
고수,이*경,20260506,2026.05.06.(수거일자),경기도 포천시,서울특별시 보건환경연구원 강남농수산물검사소,,,,펜디메탈린,0.3 mg/kg 이하,1.0 mg/kg,2026.05.06,3000225719,,,,고수(잎),경기도,경기도 포천시,2026-05-06
고수,이*경,20260506,2026.05.06.(수거일자),경기도 포천시,서울특별시 보건환경연구원 강남농수산물검사소,,,,테부코나졸,0.01 이하 (기준 규격 없음),0.49 mg/kg,2026.05.06,3000225719,,,,고수(잎),경기도,경기도 포천시,2026-05-06
고수,최*호,20260506,2026.05.06.(수거일자),경기도 포천시,서울특별시 보건환경연구원 강남농수산물검사소,,,,티아메톡삼,0.01 이하 (기준 규격 없음),0.13 mg/kg,2026.05.06,3000225727,,,,고수(잎),경기도,경기도 포천시,2026-05-06
고수,최*호,20260506,2026.05.06.(수거일자),경기도 포천시,서울특별시 보건환경연구원 강남농수산물검사소,,,,피리플루퀴나존,0.2 mg/kg 이하,0.9 mg/kg,2026.05.06,3000225727,,,,고수(잎),경기도,경기도 포천시,2026-05-06
고수,최*호,20260506,2026.05.06.(수거일자),경기도 포천시,서울특별시 보건환경연구원 강남농수산물검사소,,,,리뉴론,0.01 이하 (기준 규격 없음),0.07 mg/kg,2026.05.06,3000225727,,,,고수(잎),경기도,경기도 포천시,2026-05-06
프리미엄 프로바이오틱스 5000 골드,(주)더블유에이치글로벌,데이터없음,2028.07.25,서울특별시 중구,대구청 유해물질분석과,,0629262003347,500mg X 60캡슐 X 2(총 60g),프로바이오틱스 수,"표시량(10,000,000,000<100억>cfu/1캡슐)이상","6,400,000,000 cfu/g",2026.05.06,3000225736,,20130098109,,건강기능식품,서울특별시,서울특별시 중구,2026-05-06
뜯어먹는 소프트번 파인애플맛,효성인터내셔날,데이터없음,2026.06.28,서울특별시 송파구,부산광역시 보건환경연구원,,4589840672234,100g,파라옥시안식향산에틸(보존료),불검출,파라옥시안식향산으로서 0.013 g/kg,2026.05.06,3000225752,,20130115305,,빵류,서울특별시,서울특별시 송파구,2026-05-06
뜯어먹는 소프트번 파인애플맛,효성인터내셔날,데이터없음,2026.06.28,서울특별시 송파구,부산광역시 보건환경연구원,,4589840672234,100g,소브산(보존료),불검출(*원료 유래 인정 가능량 : 0.024 g/kg),0.129 g/kg,2026.05.06,3000225752,,20130115305,,빵류,서울특별시,서울특별시 송파구,2026-05-06
깻잎(A-0506-1),양*순,20260506,2026.05.06,전남광주통합특별시 곡성군,전남광주통합특별시 광주보건환경연구원 식품의약품연구부 서부농수산물검사소,,,,디니코나졸,0.3 이하,0.8496608706375632,2026.05.07,3000225773,,,,들깻잎,전남광주통합특별시,전남광주통합특별시 곡성군,2026-05-07
"냉동흰다리새우살(두절,탈각)",(주)해우씨푸드,20250826,2028.08.25,부산광역시 사하구,서울특별시 보건환경연구원 강남농수산물검사소,,8809458913335,900g,독시싸이클린,0.01 mg/kg 이하,0.11 mg/kg,2026.05.07,3000225787,,20120254022,,기타 수산물가공품,부산광역시,부산광역시 사하구,2026-05-07
유채,양*인,20260506,,전남광주통합특별시 순천시,전남광주통합특별시 전남보건환경연구원 동부지원 농산물검사소,,,,포레이트,0.01 이하,0.6930,2026.05.07,3000225789,,,,유채,전남광주통합특별시,전남광주통합특별시 순천시,2026-05-07
적겨자,김*숙,20260506,,경기도 이천시,경기도 경기도보건환경연구원,,,2 kg,플루아지남,0.01 mg/kg,0.10 mg/kg,2026.05.08,3000225816,,,,겨자채,경기도,경기도 이천시,2026-05-08
깻잎순(관739-2),정*자,20260507,,경남 밀양시,울산광역시 보건환경연구원 보건연구부 농수산물검사소,,,,디니코나졸,0.3 mg/kg 이하,1.7 mg/kg,2026.05.08,3000225843,,,,들깻잎,경남,경남 밀양시,2026-05-08
꽃상추,김*용,20260317,2026.03.17,충남 논산시,인천광역시 보건환경연구원 식약연구부,,,,클로르페나피르,5.0 mg/kg 이하,7.7 mg/kg,2026.05.11,3000225877,,,,상추,충남,충남 논산시,2026-05-11
상추,김*수,20260511,,경상남도 밀양시,부산광역시 보건환경연구원,,,박스,오메토에이트,0.01 mg/kg,0.07 mg/kg,2026.05.12,3000225901,,,,상추,경상남도,경상남도 밀양시,2026-05-12
상추,김*수,20260511,,경상남도 밀양시,부산광역시 보건환경연구원,,,박스,디메토에이트,0.01 mg/kg,0.14 mg/kg,2026.05.12,3000225901,,,,상추,경상남도,경상남도 밀양시,2026-05-12
청경채,전*식,20260507,2026.05.08,경기도 화성시,경인청 유해물질분석과,,21000511454960013009,550g,포레이트,0.01 이하,0.201,2026.05.12,3000225910,,20030364475,,청경채,경기도,경기도 화성시,2026-05-12
깻순,양*원,20260512,,충남 논산시,,,,,스피로테트라맷,3.0 mg/kg 이하,7.9 mg/kg,2026.05.12,3000225939,,,,들깻잎,충남,충남 논산시,2026-05-12
고수,이*주,20260512,2026.04.23,경기도 포천시,서울특별시 보건환경연구원 강남농수산물검사소,,,,플루톨라닐,0.01 mg/kg 이하,0.37 mg/kg,2026.05.12,3000225950,,,,고수(잎),경기도,경기도 포천시,2026-05-12
고수,이*주,20260512,2026.04.23,경기도 포천시,서울특별시 보건환경연구원 강남농수산물검사소,,,,터부포스,0.01 mg/kg 이하,0.12 mg/kg,2026.05.12,3000225950,,,,고수(잎),경기도,경기도 포천시,2026-05-12
고수,이*주,20260512,2026.04.23,경기도 포천시,서울특별시 보건환경연구원 강남농수산물검사소,,,,에토프로포스,0.01 mg/kg 이하,0.57 mg/kg,2026.05.12,3000225950,,,,고수(잎),경기도,경기도 포천시,2026-05-12
치커리,전*표,20260513,,경기도 여주시,서울특별시 보건환경연구원 강남농수산물검사소,,,,이미시아포스,0.01 mg/kg 이하,0.13 mg/kg,2026.05.13,3000225988,,,,치커리(잎),경기도,경기도 여주시,2026-05-13
15.파,이*근,20260512,,충청북도 청주시,세종특별자치시 보건환경연구원,,,,아이소프로티올레인,0.01 이하,0.024,2026.05.14,3000226012,,,,파,충청북도,충청북도 청주시,2026-05-14
열무,이*성,20260514,,경기도 포천시,경기도 경기도보건환경연구원,,,4k,터부포스,0.05 mg/kg,0.14 mg/kg,2026.05.15,3000226020,,,,열무(뿌리),경기도,경기도 포천시,2026-05-15
꽈리고추(N-0514-9),김*도,20260514,2026.05.14,경상남도 진주시,전남광주통합특별시 광주보건환경연구원 식품의약품연구부 서부농수산물검사소,,,,클로르페나피르,1.0 이하,1.1728105502755161,2026.05.15,3000226022,,,,고추,경상남도,경상남도 진주시,2026-05-15
취나물(A-0514-4),김*단,20260514,2026.05.14,전남광주통합특별시 나주시,전남광주통합특별시 광주보건환경연구원 식품의약품연구부 서부농수산물검사소,,,,페니트로티온,7.0 이하,7.7224052638801798,2026.05.15,3000226025,,,,취나물,전남광주통합특별시,전남광주통합특별시 나주시,2026-05-15
시금치,이*행,20260514,,경기도 포천시,경기도 경기도보건환경연구원,,,4kg,리뉴론,0.01 mg/kg,0.04 mg/kg,2026.05.15,3000226029,,,,시금치,경기도,경기도 포천시,2026-05-15
고수,주*식,20260512,,경기도 시흥시,경인지방식품의약품안전청,,21000511729040015000,100g,테부코나졸,0.01 이하,0.085,2026.05.15,3000226041,,,,고수(잎),경기도,경기도 시흥시,2026-05-15
강황가루,(주)진성바이오지점,데이터없음,2027.08.18,경상북도 칠곡군,강원특별자치도 보건환경연구원 식약품연구부 식품분석과,,8809045620752,400g,금속성이물,10.0미만 mg/kg,34.66 mg/kg,2026.05.18,3000226157,2018004236216,20200574235,,고형차,경상북도,경상북도 칠곡군,2026-05-18
치커리,권*규,20260517,2026.05.17.(수거일자),경기도 양평군,서울특별시 보건환경연구원 강남농수산물검사소,,,,카벤다짐,0.01 mg/kg 이하,0.34 mg/kg,2026.05.18,3000226172,,,,치커리(잎),경기도,경기도 양평군,2026-05-18
고춧잎,황*연,20260518,,경기 연천군,,,,,아이소프로티올레인,0.01 mg/kg 이하(PLS),0.04 mg/kg,2026.05.19,3000226180,,,,고춧잎,경기,경기 연천군,2026-05-19
근대,최*영,20260518,,경상북도 칠곡군,대구광역시 보건환경연구원 식의약연구부,,,,터부포스,0.1 이하,1.4 mg/kg,2026.05.19,3000226193,,,,근대,경상북도,경상북도 칠곡군,2026-05-19
딜,김*숙,20260519,2026.05.19.(수거일자),경기도 이천시,서울특별시 보건환경연구원 강남농수산물검사소,,,,피리달릴,0.01 이하 (기준 규격 없음),0.22 mg/kg,2026.05.19,3000226201,,,,서양자초(잎),경기도,경기도 이천시,2026-05-19
딜,김*숙,20260519,2026.05.19.(수거일자),경기도 이천시,서울특별시 보건환경연구원 강남농수산물검사소,,,,플룩사메타마이드,0.01 이하 (기준 규격 없음),0.74 mg/kg,2026.05.19,3000226201,,,,서양자초(잎),경기도,경기도 이천시,2026-05-19
딜,김*숙,20260519,2026.05.19.(수거일자),경기도 이천시,서울특별시 보건환경연구원 강남농수산물검사소,,,,메탈락실,0.01 이하 (기준 규격 없음),3.23 mg/kg,2026.05.19,3000226201,,,,서양자초(잎),경기도,경기도 이천시,2026-05-19
아욱,강*하,20260519,,경기도 고양시,,,,,터부포스,0.1 mg/kg 이하(엽채류),0.3 mg/kg,2026.05.19,3000226230,,,,아욱,경기도,경기도 고양시,2026-05-19
고춧잎(260518-1),노*호,20260518,,대구광역시 군위군,경상북도 보건환경연구원 북부지원 안동농수산물검사소,,,,보스칼리드,0.01 이하,0.07,2026.05.19,3000226241,,,,고춧잎,대구광역시,대구광역시 군위군,2026-05-19
당귀,이*환,20260519,,경기도,서울특별시 보건환경연구원 강남농수산물검사소,,,,프로사이미돈,0.2 mg/kg 이하,0.5 mg/kg,2026.05.19,3000226251,,,,당귀(잎),경기도,경기도,2026-05-19
방풍나물(A-0519-3),김*자,20260519,2026.05.19,전남광주통합특별시 곡성군,전남광주통합특별시 광주보건환경연구원 식품의약품연구부 서부농수산물검사소,,,,터부포스,0.1 이하,0.37036556682624713,2026.05.20,3000226261,,,,방풍나물,전남광주통합특별시,전남광주통합특별시 곡성군,2026-05-20
세파,이*찬,데이터없음,2026.05.20,전북특별자치도 완주군,전북특별자치도 보건환경연구원,,,,메타벤즈티아주론,0.01 mg/kg 이하,0.10 mg/kg,2026.05.20,3000226262,,,,파,전북특별자치도,전북특별자치도 완주군,2026-05-20
S-918 깐쪽파,이*우,20260520,2026.05.20,충청남도 아산시,인천광역시 보건환경연구원 식약연구부 삼산농산물검사소,,,,프로사이미돈,0.15 이하,0.931,2026.05.20,3000226280,,,,파,충청남도,충청남도 아산시,2026-05-20
상추,김*순,20260519,,경기도 안성시,경기도 경기도보건환경연구원,,,4kg,메타벤즈티아주론,0.01 mg/kg 이하(PLS),0.14 mg/kg,2026.05.20,3000226281,2016034506459,20160345064,,상추,경기도,경기도 안성시,2026-05-20
레몬,김*순,20260519,,제주특별자치도 서귀포시,경기도 경기도보건환경연구원,,,5kg,피라지플루미드,0.01 mg/kg 이하(PLS),0.11 mg/kg,2026.05.21,3000226305,,,,레몬,제주특별자치도,제주특별자치도 서귀포시,2026-05-21
꽃상추,김*기,20260520,,전북 익산시,경기도 경기도보건환경연구원,,,4 kg,뷰프로페진,0.01 mg/kg,0.18 mg/kg,2026.05.21,3000226310,,,,상추,전북,전북 익산시,2026-05-21
당근,우*하,20260520,,경상남도 밀양시,전남광주통합특별시 광주보건환경연구원 식품의약품연구부 각화농산물검사소,,,,에토프로포스,0.05 mg/kg 이하,0.20 mg/kg 이하,2026.05.21,3000226320,,,,당근,경상남도,경상남도 밀양시,2026-05-21
고추잎,김*현,20260521,,경남 창원시,경상남도 보건환경연구원 식약품연구부,,,,디노테퓨란,0.01 이하,4.03,2026.05.22,3000226324,,,,고춧잎,경남,경남 창원시,2026-05-22
고추잎,김*현,20260521,,경남 창원시,경상남도 보건환경연구원 식약품연구부,,,,피플루뷰마이드,0.01 이하,0.03,2026.05.22,3000226324,,,,고춧잎,경남,경남 창원시,2026-05-22
돼지갈은고기(냉장),청풍명월조합공동사업법인,20260518,2026.05.24,충청북도 청주시 청원구,충청북도 동물위생시험소 축산물검사과,,170161701244,,장출혈성대장균,"n=5, c=0, m=0/25g","양성,양성,양성,양성,양성",2026.05.22,3000226332,20100415130167,20100415130,,포장육,충청북도,충청북도 청주시,2026-05-22
멜론,박*희,20260521,,경남,인천광역시 보건환경연구원 식약연구부 남촌농산물검사소,,,,프로사이미돈,0.05 mg/kg 이하,0.13 mg/kg,2026.05.22,3000226351,,,,멜론,경남,경남,2026-05-22
근대,정*탁,20260519,,경기도 이천시,대전광역시 보건환경연구원 식의약연구부,,,,플루설파마이드,0.01 mg/kg 이하,0.05 mg/kg,2026.05.22,3000226376,,,,근대,경기도,경기도 이천시,2026-05-22
한우육회,그*소,20260518,2026.07.01,대구광역시 서구,서울특별시 보건환경연구원 동물위생시험소,,,,황색포도상구균,"n=5, c=0, m=0/25g",검출,2026.05.25,3000226393,,20210164209,,소고기,대구광역시,대구광역시 서구,2026-05-25
상추,유*원,20260526,2026.05.26,충남 부여군,서울특별시 보건환경연구원 강남농수산물검사소,,,,포레이트,0.01mg/kg 이하(PLS),0.08 mg/kg,2026.05.26,3000226477,,,,상추,충남,충남 부여군,2026-05-26
고수,양*석,20260526,2026.05.26.(수거일자),경기도 포천시,서울특별시 보건환경연구원 강남농수산물검사소,,,,리뉴론,0.01 이하 (기준 규격 없음),0.38 mg/kg,2026.05.26,3000226495,,,,고수(잎),경기도,경기도 포천시,2026-05-26
고수,박*천,20260526,2026-05-26(의뢰일),경기 파주시,서울특별시 보건환경연구원 강남농수산물검사소,,,,만디프로파미드,0.01mg/kg (기준 규격 없음),0.07,2026.05.27,3000226499,,,,고수(잎),경기,경기 파주시,2026-05-27
고수,박*천,20260526,2026-05-26(의뢰일),경기 파주시,서울특별시 보건환경연구원 강남농수산물검사소,,,,파목사돈,0.01mg/kg (기준 규격 없음),0.10,2026.05.27,3000226499,,,,고수(잎),경기,경기 파주시,2026-05-27
육회(냉장),선효축산물,20260518,2026.05.25,강원특별자치도 춘천시,강원특별자치도 동물위생시험소 축산식품검사과,,,,장출혈성대장균,"n=0, c=0, m=0/25g","양성, 음성, 음성, 양성, 음성",2026.05.27,3000226505,,20190398571,,소고기,강원특별자치도,강원특별자치도 춘천시,2026-05-27
다발무,김*수,20260526,2026.05.26,경남 함안군,경상남도 보건환경연구원 식약품연구부,,,,터부포스,0.05 이하,0.08,2026.05.27,3000226510,1985051202913,19850512029,,무(뿌리),경남,경남 함안군,2026-05-27
깻순,이*근,20260527,,충남 논산시,,,,,피플루뷰마이드,0.01 mg/kg 이하(PLS),0.52 mg/kg,2026.05.27,3000226525,,,,들깻잎,충남,충남 논산시,2026-05-27
당근,박*기,20260526,,경남 양산시,부산광역시 보건환경연구원,,,,터부포스,0.05 mg/kg,0.12 mg/kg,2026.05.27,3000226536,,,,당근,경남,경남 양산시,2026-05-27
아욱,오*영,20260527,,충청북도 청주시,대전광역시 보건환경연구원 식의약연구부,,,,플루벤디아마이드,0.01 mg/kg 이하,1.54 mg/kg,2026.05.28,3000226557,,,,아욱,충청북도,충청북도 청주시,2026-05-28
국화,주식회사샘그린유통,데이터없음,2029.01.18,서울특별시 동대문구,서울특별시 보건환경연구원 강북농수산물검사소,,,,카드뮴,0.3 ppm이하,0.5 ppm,2026.05.28,3000226584,2017047206438,,,국화,서울특별시,서울특별시 동대문구,2026-05-28
상추,김*정,20260528,,전북특별자치도 익산시,경기도 경기도보건환경연구원,,,4kg,트리플루랄린,0.01mg/kg(PLS),0.04mg/kg,2026.05.29,3000226618,,,,상추,전북특별자치도,전북특별자치도 익산시,2026-05-29
상추,송*빈,데이터없음,20260601(의뢰일),충청남도 논산시,서울특별시 보건환경연구원 강남농수산물검사소,,,,옥사디아존,0.01mg/kg (기준 규격 없음),0.12,2026.06.01,3000226722,,,,상추,충청남도,충청남도 논산시,2026-06-01
당귀,김*식,20260601,,경기도 구리시,서울특별시 보건환경연구원 강남농수산물검사소,,,,알라클로르,0.01 mg/kg 이하,0.08 mg/kg,2026.06.01,3000226734,,,,당귀(잎),경기도,경기도 구리시,2026-06-01
당귀,김*식,20260601,,경기도 구리시,서울특별시 보건환경연구원 강남농수산물검사소,,,,카벤다짐,0.01 mg/kg 이하,0.08 mg/kg,2026.06.01,3000226734,,,,당귀(잎),경기도,경기도 구리시,2026-06-01
양상추,차*섭,20260522,,경상남도 창원시,경상남도 보건환경연구원 식약품연구부,,,,프로사이미돈,0.2이하,0.3,2026.06.02,3000226772,,,,양상추,경상남도,경상남도 창원시,2026-06-02
고수,양*선,데이터없음,2026.06.02.(의뢰일),경기도 포천시,서울특별시 보건환경연구원 강남농수산물검사소,,,,포레이트,0.01 mg/kg 이하 (기준 규격 없음),0.14 mg/kg,2026.06.02,3000226784,,,,고수(잎),경기도,경기도 포천시,2026-06-02
고수,양*선,데이터없음,2026.06.02.(의뢰일),경기도 포천시,서울특별시 보건환경연구원 강남농수산물검사소,,,,리뉴론,0.01 mg/kg 이하 (기준 규격 없음),0.21 mg/kg,2026.06.02,3000226784,,,,고수(잎),경기도,경기도 포천시,2026-06-02
고수,이*옥,데이터없음,2026.06.02.(의뢰일),경기도 포천시,서울특별시 보건환경연구원 강남농수산물검사소,,,,터부포스,0.01 mg/kg 이하 (기준 규격 없음),0.36 mg/kg,2026.06.02,3000226789,,,,고수(잎),경기도,경기도 포천시,2026-06-02
고수,이*옥,데이터없음,2026.06.02.(의뢰일),경기도 포천시,서울특별시 보건환경연구원 강남농수산물검사소,,,,에토프로포스,0.01 mg/kg 이하 (기준 규격 없음),0.05 mg/kg,2026.06.02,3000226789,,,,고수(잎),경기도,경기도 포천시,2026-06-02
코스타리카 타판티 빈투바 초콜릿,로스팅마스터즈,20260521,제조일로부터 1년까지,서울특별시 마포구,서울특별시 보건환경연구원,,,,세균수,"n=5, c=2, m=10,000, M=50,000","8,600, 19,000, 23,000, 18,000, 25,000",2026.06.04,3000226801,20120069298312,20120069298,,초콜릿,서울특별시,서울특별시 마포구,2026-06-04
부추(LOCAL-0602-2),정*식,20260602,2026.06.02,전남광주통합특별시 남구,전남광주통합특별시 광주보건환경연구원 식품의약품연구부 서부농수산물검사소,,,,옥사디아존,0.01 이하,0.030055902681592452,2026.06.04,3000226810,,,,부추,전남광주통합특별시,전남광주통합특별시 남구,2026-06-04
빈투바 밀크초콜릿,로스팅마스터즈,20260522,,서울특별시 마포구,서울특별시 보건환경연구원,,,,세균수,"n=5, c=2, m=10,000, M=50,000","72,000, 120,000, 120,000, 90,000, 110,000",2026.06.04,3000226833,20120069298329,20120069298,,밀크초콜릿,서울특별시,서울특별시 마포구,2026-06-04
고구마대,주*례,20260602,2026.06.02,순천시,전남광주통합특별시 전남보건환경연구원 동부지원 농산물검사소,,,,인독사카브,0.1 이하,0.3665,2026.06.04,3000226857,,,,고구마줄기,순천시,순천시,2026-06-04
머위대,홍*식,20260604,,전남광주통합특별시 나주시,전남광주통합특별시 광주보건환경연구원 식품의약품연구부 각화농산물검사소,,,,뷰프로페진,0.01 mg/kg 이하(PLS 기준),0.15 mg/kg,2026.06.05,3000226870,,,,머위대,전남광주통합특별시,전남광주통합특별시 나주시,2026-06-05
고추(청양),이*식,20260602,,경상남도 진주시,경상남도 보건환경연구원 식약품연구부,,,,스피로테트라맷,2.0 이하,3.23,2026.06.05,3000226892,,,,고추,경상남도,경상남도 진주시,2026-06-05
와일드,박*순,데이터없음,2026.06.18,경기도 이천시,서울특별시 보건환경연구원 강남농수산물검사소,,,,메타플루미존,3.0 mg/kg 이하 (엽채류),7.6 mg/kg,2026.06.05,3000226909,,,,루꼴라,경기도,경기도 이천시,2026-06-05
비틀16로제,비틀,20260511,제조일로부터 180일,전북특별자치도 순창군,광주청 유해물질분석과,,,500ml,사카린나트륨,기준없음,0.131 g/kg,2026.06.08,3000226993,202100160214,20210016021,,약주,전북특별자치도,전북특별자치도 순창군,2026-06-08
당근,파악불가,2026-06-01 00:00:00.0,,,대구광역시 보건환경연구원 식의약연구부,,,,터부포스,0.05 mg/kg 이하,0.15 mg/kg,2026.06.09,3000227003,,,,당근,,,2026-06-09
비틀10,비틀,20260511,제조일로부터 60일,전북특별자치도 순창군,광주청 유해물질분석과,,,500ml,사카린나트륨,0.08g/kg,0.11g/kg,2026.06.09,3000227028,2021001602110,20210016021,,탁주,전북특별자치도,전북특별자치도 순창군,2026-06-09
S-1010 취나물,강*희,20260609,,전북특별자치도 완주군,인천광역시 보건환경연구원 식약연구부 삼산농산물검사소,,,,아족시스트로빈,7.0 이하,19.67,2026.06.09,3000227036,,,,취나물,전북특별자치도,전북특별자치도 완주군,2026-06-09
당근(L118),이*순,20260608,,울산 중구,울산광역시 보건환경연구원 보건연구부 농수산물검사소,,21000101370290028000,,터부포스,0.05 mg/kg 이하,0.13 mg/kg,2026.06.10,3000227061,,,,당근,울산,울산 중구,2026-06-10
고구마순,김*열,20260609,,전남광주통합특별시 담양군,전남광주통합특별시 광주보건환경연구원 식품의약품연구부 각화농산물검사소,,,,플로니카미드,0.05 mg/kg 이하(고구마줄기),0.69,2026.06.10,3000227063,,,,고구마줄기,전남광주통합특별시,전남광주통합특별시 담양군,2026-06-10
농산물-260609-007 국내산 흙쪽파,김*희,20260609,,경기도 포천시,강원특별자치도 보건환경연구원,,,,터부포스,0.09 이하,0.20 mg/kg,2026.06.10,3000227087,,,,쪽파,경기도,경기도 포천시,2026-06-10
외갓집 뼈없는 진심 갈비탕,대도식품,20260608,2027.06.07,충청북도 옥천군,충청북도 동물위생시험소 축산물검사과,,8809478452166,,대장균,"n=5, c=1, m=0, M=10","0, 0, 0, 3000, 0",2026.06.10,3000227089,2012040502820,20120405028,,식육추출가공품,충청북도,충청북도 옥천군,2026-06-10
1978 외갓집 진심육개장,대도식품,20260605,2027.06.04,충청북도 옥천군,충청북도 동물위생시험소 축산물검사과,,8809478450643,,대장균,"n=5, c=1, m=0, M=10","TNTC, 105, 77, 65, 72",2026.06.10,3000227094,2012040502810,20120405028,,식육추출가공품,충청북도,충청북도 옥천군,2026-06-10
방풍나물,생산자 정보 파악 불가,20260608,,,대전광역시 보건환경연구원 식의약연구부,,,2kg,포레이트,0.01이하(mg/kg),0.31(mg/kg),2026.06.10,3000227096,,,,방풍나물,,,2026-06-10
외갓집 진심 갈비탕,대도식품,20260608,2027.06.07,충청북도 옥천군,충청북도 동물위생시험소 축산물검사과,,8809478451701,,대장균,"n=5, c=1, m=0, M=10","447, 320, TNTC, TNTC, TNTC",2026.06.10,3000227099,2012040502814,20120405028,,식육추출가공품,충청북도,충청북도 옥천군,2026-06-10
열무,심*훈,20260608,,경기도 이천시,대전광역시 보건환경연구원 식의약연구부,,,5단(5kg),플루퀸코나졸,0.05이하(mg/kg),0.09 (mg/kg),2026.06.10,3000227118,,,,열무,경기도,경기도 이천시,2026-06-10
참나물,박*경,데이터없음,2026.06.10.(의뢰일),경상남도 밀양시,서울특별시 보건환경연구원 강남농수산물검사소,,,,이프로벤포스,0.01 mg/kg 이하 (기준 규격 없음),0.08 mg/kg,2026.06.10,3000227127,,,,참나물,경상남도,경상남도 밀양시,2026-06-10
참나물,박*경,데이터없음,2026.06.10.(의뢰일),경상남도 밀양시,서울특별시 보건환경연구원 강남농수산물검사소,,,,아이소프로티올레인,0.01 mg/kg 이하 (기준 규격 없음),0.12 mg/kg,2026.06.10,3000227127,,,,참나물,경상남도,경상남도 밀양시,2026-06-10
루꼴라,권*혁,20260604,,경북 의성군,경상북도 보건환경연구원 북부지원 안동농수산물검사소,,,,플루벤디아마이드,0.01 이하,2.521,2026.06.11,3000227134,,,,루꼴라,경북,경북 의성군,2026-06-11
깻잎,정*자,20260610,,경기도 양평군,경기도 경기도보건환경연구원,,,,클로로탈로닐,0.01 mg/kg 이하,0.66 mg/kg,2026.06.11,3000227179,,,,들깻잎,경기도,경기도 양평군,2026-06-11
잎바라깻잎,김*관,20260611,2026-06-11(의뢰일),경상남도 밀양시,서울특별시 보건환경연구원 강남농수산물검사소,,,,옥사디아존,0.01mg/kg (기준 규격 없음),0.18,2026.06.11,3000227194,,,,들깻잎,경상남도,경상남도 밀양시,2026-06-11
농산물-260611-004 쑥갓,이*영,20260611,,경기도 포천시,강원특별자치도 보건환경연구원 식약품연구부 농산물검사과,,,,다이아지논,0.01 이하,0.2788 mg/kg,2026.06.11,3000227204,,,,쑥갓,경기도,경기도 포천시,2026-06-11
깻잎(A-0611-3),구*채,20260611,2026.06.11,전남광주통합특별시 곡성군,전남광주통합특별시 광주보건환경연구원 식품의약품연구부 서부농수산물검사소,,,,페니트로티온,0.05 이하,0.6657834689170885,2026.06.12,3000227237,,,,들깻잎,전남광주통합특별시,전남광주통합특별시 곡성군,2026-06-12
오이,남*현,20260611,,경기도 안성시,경기도 경기도보건환경연구원,,,1상자(10kg),이미시아포스,0.2 mg/kg 이하,0.6 mg/kg,2026.06.12,3000227240,,,,오이,경기도,경기도 안성시,2026-06-12
가시오이,오*복,20260609,,전북특별자치도 장수군,경상남도 보건환경연구원 식약품연구부,,,,터부포스,0.05 이하,0.083,2026.06.12,3000227245,,,,오이,전북특별자치도,전북특별자치도 장수군,2026-06-12
깻잎,원*순,20260610,,경상남도 산청군,경상남도 보건환경연구원 식약품연구부,,,,페니트로티온,0.05 이하,0.22,2026.06.12,3000227246,,,,들깻잎,경상남도,경상남도 산청군,2026-06-12
농산물-260611-012 대파,이*화,20260611,,강원특별자치도 평창군,강원특별자치도 보건환경연구원 식약품연구부 농산물검사과,,,,포레이트,0.05 이하,0.1660 mg/kg,2026.06.12,3000227253,,,,파,강원특별자치도,강원특별자치도 평창군,2026-06-12
농산물-260611-014 상추,최*환,20260611,,강원특별자치도 평창군,강원특별자치도 보건환경연구원 식약품연구부 농산물검사과,,,,테트라코나졸,0.01 이하,0.0296 mg/kg,2026.06.12,3000227256,,,,상추,강원특별자치도,강원특별자치도 평창군,2026-06-12
블루꿈백일설기,(주)찰떡궁합,20260609,제조일로부터 1일,경기도 남양주시,경기도 경기도보건환경연구원 북부지원,,,,보존료,소브산 불검출,소브산 검출(0.0075 g/kg),2026.06.12,3000227278,20030332047405,20030332047,,떡류,경기도,경기도 남양주시,2026-06-12
명동 국내산 뼈해장국,씨비에스코리아,20260526,2027.05.25,경기도 시흥시,경기도 경기도동물위생시험소,,,,대장균,"n=5, c=1, m=0, m=10(CFU/ml)","n1=19,500, n2=165, n3=30, n4=75, n5=110",2026.06.12,3000227285,2023035801715,20230358017,,식육추출가공품,경기도,경기도 시흥시,2026-06-12
쑥갓,김*식,20260612,,경기도 이천시,서울특별시 보건환경연구원 강남농수산물검사소,,,,사이플루메토펜,0.01 mg/kg 이하,0.64 mg/kg,2026.06.12,3000227296,,,,쑥갓,경기도,경기도 이천시,2026-06-12
로메인,최*순,20260615,2026.06.15,경기도 이천시,서울특별시 보건환경연구원 강남농수산물검사소,,,,프로사이미돈,0.2mg/kg (상추),2.6,2026.06.15,3000227369,,,,상추,경기도,경기도 이천시,2026-06-15
S-1054 청경채,한*섭,20260615,,경기 안성시,인천광역시 보건환경연구원 식약연구부 삼산농산물검사소,,,,플루아지남,0.05 이하,0.154,2026.06.15,3000227370,,,,청경채,경기,경기 안성시,2026-06-15
치커리,김*미,20260615,,경기도 양평군,서울특별시 보건환경연구원 강남농수산물검사소,,,,카벤다짐,0.01 mg/kg 이하,0.09 mg/kg,2026.06.15,3000227398,,,,치커리(잎),경기도,경기도 양평군,2026-06-15
쑥갓(26-6-15-14),이*철,20260615,,전북특별자치도 완주군,전북특별자치도 보건환경연구원,,,,다이아지논,0.01 이하,0.95756,2026.06.16,3000227417,,,,쑥갓,전북특별자치도,전북특별자치도 완주군,2026-06-16
취나물(A-0615-1),공*임,20260615,2026.06.15,전남광주통합특별시 나주시,전남광주통합특별시 광주보건환경연구원 식품의약품연구부 서부농수산물검사소,,,,이프로벤포스,0.01 이하,0.018746916625555006,2026.06.16,3000227422,,,,취나물,전남광주통합특별시,전남광주통합특별시 나주시,2026-06-16
취나물(A-0615-1),공*임,20260615,2026.06.15,전남광주통합특별시 나주시,전남광주통합특별시 광주보건환경연구원 식품의약품연구부 서부농수산물검사소,,,,뷰프로페진,0.01 이하,0.2313764183522447,2026.06.16,3000227422,,,,취나물,전남광주통합특별시,전남광주통합특별시 나주시,2026-06-16
한우육회,(주)제이팜포크,20260608,2026.06.12,제주특별자치도 제주시,제주특별자치도 동물위생시험소 축산물안전과,,,260g,여시니아엔테로콜리티카,"n=5, c=0, m=0/25g","음성,음성,양성,음성,음성",2026.06.16,3000227445,,20140628694,,소고기,제주특별자치도,제주특별자치도 제주시,2026-06-16
상추,편*경,20260616,,충청남도 논산시,서울특별시 보건환경연구원 강남농수산물검사소,,,,테부코나졸,0.1 mg/kg 이하,0.2 mg/kg,2026.06.16,3000227453,,,,상추,충청남도,충청남도 논산시,2026-06-16
안갓,박*서,20260616,,전남광주통합특별시 남구,전남광주통합특별시 광주보건환경연구원 식품의약품연구부 각화농산물검사소,,,,피리다벤,0.01 mg/kg 이하,0.24 mg/kg,2026.06.17,3000227459,,,,갓,전남광주통합특별시,전남광주통합특별시 남구,2026-06-17
안갓(N-0616-5),박*서,20260617,2026.06.17,전남광주통합특별시 남구,전남광주통합특별시 광주보건환경연구원 식품의약품연구부 서부농수산물검사소,,,,피리다벤,0.01 이하,0.045589937342913559,2026.06.17,3000227472,,,,갓,전남광주통합특별시,전남광주통합특별시 남구,2026-06-17
쌈배추(관1088-4),파악 중,20260616,,파악,울산광역시 보건환경연구원 보건연구부 농수산물검사소,,,,디니코나졸,0.3 이하,0.7231,2026.06.17,3000227506,,,,쌈배추,파악,파악,2026-06-17
가지,손*동,데이터없음,2026.06.17.(의뢰일),경기도 여주시,서울특별시 보건환경연구원 강남농수산물검사소,,,,포스티아제이트,0.05 mg/kg 이하 (가지),0.36 mg/kg,2026.06.17,3000227513,,,,가지,경기도,경기도 여주시,2026-06-17
실파,조*철,20260617,2026.06.17,경기도 포천시,서울특별시 보건환경연구원 강남농수산물검사소,,,,펜사이큐론,0.05mg/kg (파),0.41mg/kg,2026.06.17,3000227525,,,,파,경기도,경기도 포천시,2026-06-17
고춧잎,정*근,데이터없음,2026.06.18.(의뢰일),경기도 남양주시,서울특별시 보건환경연구원 강남농수산물검사소,,,,카벤다짐,0.01 mg/kg 이하 (기준 규격 없음),0.46 mg/kg,2026.06.18,3000227592,,,,고춧잎,경기도,경기도 남양주시,2026-06-18
광양농산2606-04(무),박*식,20260615,,전남광주통합특별시 나주시,전남광주통합특별시 전남보건환경연구원 동부지원 농산물검사소,,,,터부포스,0.05 이하,1.0543,2026.06.18,3000227595,,,,무(뿌리),전남광주통합특별시,전남광주통합특별시 나주시,2026-06-18
취나물,김*호,데이터없음,2026.06.18.(의뢰일),충청남도 부여군,서울특별시 보건환경연구원 강남농수산물검사소,,,,에토프로포스,0.05 이하 (취나물),0.98 mg/kg,2026.06.18,3000227601,,,,취나물,충청남도,충청남도 부여군,2026-06-18
농산물-260618-002 적근대,박*석,20260618,,경기도 여주시,강원특별자치도 보건환경연구원,,,,파클로부트라졸,2.0 mg/kg 이하,2.9 mg/kg,2026.06.18,3000227610,,,,근대,경기도,경기도 여주시,2026-06-18
정성 가득 담은 고춧가루(중국산),오에스농산 주식회사,데이터없음,2026.10.21,경상남도 창녕군,경기도 경기도보건환경연구원 북부지원,,8809753220527,1kg,금속성이물,10.0 mg/kg 미만,43.8 mg.kg,2026.06.19,3000227626,2020061112527,20200611125,,고춧가루,경상남도,경상남도 창녕군,2026-06-19
바질,송*표,20260618,,경기도 양평군,경인청 농축수산물안전과,,P000000RW000S,,에토프로포스,0.01 이하,0.03,2026.06.19,3000227635,,,,바질(잎),경기도,경기도 양평군,2026-06-19
가지,김*희,20260619,,전남광주통합특별시 나주시,,,,,디노테퓨란,0.5 mg/kg 이하,0.8 mg/kg,2026.06.19,3000227652,,,,가지,전남광주통합특별시,전남광주통합특별시 나주시,2026-06-19
두배진흑염소진액,농업회사법인 주식회사 에이치앤디,20260616,2027.06.15,강원특별자치도 영월군,강원특별자치도 동물위생시험소 축산식품검사과,,8800262370000,,세균수,"n=5, c=1, m=100, M=1000","87000, 120000, 40000, 39000, 67000",2026.06.22,3000227695,202305390181,20230539018,,식육추출가공품,강원특별자치도,강원특별자치도 영월군,2026-06-22
비름나물,권*돈,데이터없음,2026.06.22.(의뢰일),경기도 양평군,서울특별시 보건환경연구원 강남농수산물검사소,,,,포레이트,0.01 mg/kg 이하 (기준 규격 없음),0.16 mg/kg,2026.06.22,3000227725,,,,비름나물,경기도,경기도 양평군,2026-06-22
깻잎,김*화,20260622,,충남 태안군,경기도 경기도보건환경연구원,,,2kg,포레이트,0.05 mg/kg 이하,0.33 mg/kg,2026.06.23,3000227733,,,,들깻잎,충남,충남 태안군,2026-06-23
취나물,정*환,20260622,,경북 경주시,경상북도 보건환경연구원 식의약연구부 포항농수산물검사소,,,,보스칼리드,0.07 이하,0.081,2026.06.23,3000227781,,,,취나물,경북,경북 경주시,2026-06-23
강낭콩,홍*옥,20260623,,충북 보은군,충청북도 보건환경연구원 보건연구부 청주농산물검사소,,,,디노테퓨란,0.01 이하,0.038,2026.06.24,3000227795,,,,강낭콩,충북,충북 보은군,2026-06-24
취나물,고*자,20260624,,제주,인천광역시 보건환경연구원 식약연구부,,,,알라클로르,0.01 mg/kg 이하(PLS),0.04 mg/kg,2026.06.24,3000227828,,,,취나물,제주,제주,2026-06-24
깻잎,장*숙,20260624,,경상남도 밀양시,서울특별시 보건환경연구원 강남농수산물검사소,,,,뷰프로페진,0.01 mg/kg 이하,0.11 mg/kg,2026.06.24,3000227830,,,,들깻잎,경상남도,경상남도 밀양시,2026-06-24
이태리파세리,생산자 파악불가,20260621,,,경기도 경기도보건환경연구원,,,2kg,파클로부트라졸,2.0 mg/kg 이하,3.6 mg/kg,2026.06.24,3000227835,,,,파슬리,,,2026-06-24
고춧잎,정*현,20260625,,경기도 남양주시,서울특별시 보건환경연구원 강남농수산물검사소,,,,카벤다짐,0.01 mg/kg 이하,0.83 mg/kg,2026.06.25,3000227866,,,,고춧잎,경기도,경기도 남양주시,2026-06-25
방풍나물,유*식,20260625,2026.06.25,충남,서울특별시 보건환경연구원 강남농수산물검사소,,,,디노테퓨란,0.01mg/kg (기준 규격 없음),0.42mg/kg,2026.06.25,3000227883,,,,방풍나물,충남,충남,2026-06-25
열무(로컬-26-6-18-6),양*례,20260618,,전북특별자치도 군산시,전북특별자치도 보건환경연구원,,,,터부포스,0.05 이하,0.1477,2026.06.25,3000227886,,,,열무,전북특별자치도,전북특별자치도 군산시,2026-06-25
우럭,**수산,20260623,,경상남도,부산광역시 보건환경연구원,,,,플로르페니콜,0.2 mg/kg 이하,0.3 mg/kg,2026.06.26,3000227897,,,,조피볼락활,경상남도,경상남도,2026-06-26
미나리(강북유잔06-30-07),이*남,20260630,,경북 청도군,서울특별시 보건환경연구원 강북농수산물검사소,,,,포레이트,0.01 mg/kg 이하,0.14 mg/kg,2026.06.30,3000228078,,20130036244,,미나리,경북,경북 청도군,2026-06-30
로메인(강북유잔07-01-04),최*길,20260701,,평창군,서울특별시 보건환경연구원 강북농수산물검사소,,,,디니코나졸,0.3 mg/kg 이하,0.51 mg/kg,2026.07.01,3000228131,,20240062658,,상추,평창군,평창군,2026-07-01
살구,강*수,20260702,,경북 영덕군,경상북도 보건환경연구원 북부지원 안동농수산물검사소,,,,페나자퀸,0.01 mg/kg 이하,0.02 mg/kg,2026.07.03,3000228196,,,,살구,경북,경북 영덕군,2026-07-03
토망고(달콤 대추방울토마토),농업회사법인 우듬지팜주식회사 제2공장,20260621,2026.06.26,충청남도 부여군,식품의약품안전평가원 식품위해평가부 미생물과,,8809990641352,500g,대장균,"n=5, c=1, m=0, M=10","0, 3.6, 93, 3.6, 0",2026.07.03,3000228241,202206550973,20220655097,,과.채가공품,충청남도,충청남도 부여군,2026-07-03
스테비아 대추방울토마토,농업회사법인팜팜(주),데이터없음,2026.06.26,충청남도 논산시,식품의약품안전평가원 식품위해평가부 미생물과,,2507281028085,1kg,대장균,"n=5, c=1, m=0, M=10","0, 0, 23, 0, 0",2026.07.03,3000228248,202306565417,20230656541,,과.채가공품,충청남도,충청남도 논산시,2026-07-03
참취,장*용,20260610,,전북 완주군,,,,,페니트로티온,7.0 mg/kg 이하,16.2 mg/kg,2026.07.05,3000228261,,,,취나물,전북,전북 완주군,2026-07-05
깻잎,조*제,20260706,2026-07-06(의뢰일),경남,서울특별시 보건환경연구원 강남농수산물검사소,,,,피리다벤,0.01mg/kg (기준 규격 없음),4.37,2026.07.06,3000228353,,,,들깻잎,경남,경남,2026-07-06
얼갈이(강북유잔07-06-03),김*원,20260706,,경기도 포천시,서울특별시 보건환경연구원 강북농수산물검사소,,0430011031975,,시마진,0.01 mg/kg 이하,0.047 mg/kg,2026.07.06,3000228369,,,,엇갈이배추,경기도,경기도 포천시,2026-07-06
깻잎,장*숙,20260706,2026.07.06,경남,서울특별시 보건환경연구원 강남농수산물검사소,,,,뷰프로페진,0.01mg/kg (기준 규격 없음),0.08,2026.07.06,3000228370,,,,들깻잎,경남,경남,2026-07-06
바질,전*표,데이터없음,2026.7.6.(의뢰일자),경기도 여주시,서울특별시 보건환경연구원 강남농수산물검사소,,,,파클로부트라졸,0.01 mg/kg 이하 (기준 규격 없음),2.88 mg/kg,2026.07.06,3000228380,,,,바질(잎),경기도,경기도 여주시,2026-07-06
깻잎,조*만,데이터없음,2026.7.6.(의뢰일자),충청남도 금산군,서울특별시 보건환경연구원 강남농수산물검사소,,,,클로로탈로닐,0.01 mg/kg 이하 (기준 규격 없음),0.05 mg/kg,2026.07.06,3000228384,,,,들깻잎,충청남도,충청남도 금산군,2026-07-06
깻잎,조*만,데이터없음,2026.7.6.(의뢰일자),충청남도 금산군,서울특별시 보건환경연구원 강남농수산물검사소,,,,플루아지남,0.01 mg/kg 이하 (기준 규격 없음),6.85 mg/kg,2026.07.06,3000228384,,,,들깻잎,충청남도,충청남도 금산군,2026-07-06
꽈리,윤*혁,20260706,,경상남도 함양군,부산광역시 보건환경연구원,,,박스,디니코나졸,0.01 mg/kg,0.19 mg/kg,2026.07.07,3000228393,,,,고추,경상남도,경상남도 함양군,2026-07-07
쑥갓,안*선,20260707,,경기도 이천시,서울특별시 보건환경연구원 강남농수산물검사소,,,,다이아지논,0.01 mg/kg 이하,0.18 mg/kg,2026.07.07,3000230535,,,,쑥갓,경기도,경기도 이천시,2026-07-07
취나물,한*섭,20260707,,충청남도 부여군,서울특별시 보건환경연구원 강남농수산물검사소,,,,티아클로프리드,0.01 mg/kg 이하,0.38 mg/kg,2026.07.07,3000230538,,,,취나물,충청남도,충청남도 부여군,2026-07-07
깻잎,김*찬,20260707,,경남 밀양시,경상남도 보건환경연구원 식약품연구부,,,,메타플루미존,5.0 이하,10.8,2026.07.08,3000230548,,,,들깻잎,경남,경남 밀양시,2026-07-08
깻잎,김*찬,20260707,,경남 밀양시,경상남도 보건환경연구원 식약품연구부,,,,뷰프로페진,0.01 이하,0.03,2026.07.08,3000230548,,,,들깻잎,경남,경남 밀양시,2026-07-08
고수,송*호,20260703,,강원특별자치도 평창군,대구광역시 보건환경연구원 식의약연구부,,,,포레이트,0.01 이하,0.10 mg/kg,2026.07.08,3000230549,,,,고수(잎),강원특별자치도,강원특별자치도 평창군,2026-07-08
고수,송*호,20260703,,강원특별자치도 평창군,대구광역시 보건환경연구원 식의약연구부,,,,티아메톡삼,0.01 이하,0.05 mg/kg,2026.07.08,3000230549,,,,고수(잎),강원특별자치도,강원특별자치도 평창군,2026-07-08
고수,송*호,20260703,,강원특별자치도 평창군,대구광역시 보건환경연구원 식의약연구부,,,,플루피라디퓨론,0.01 이하,0.02 mg/kg,2026.07.08,3000230549,,,,고수(잎),강원특별자치도,강원특별자치도 평창군,2026-07-08
코엔자임Q10 100mg,(주)코스트코코리아,데이터없음,2029.01.30,경기도 광명시,서울청 유해물질분석과,,196633914507,400mg X 240캡슐(총 96g),붕해시험,적합,부적합,2026.07.08,3000230573,,20120304539,,건강기능식품,경기도,경기도 광명시,2026-07-08
무농약 쑥갓,박*철,20260707,,경기도 안성시,경인청 농축수산물안전과,,MK0000001735,,이프로벤포스,0.01 이하,0.10,2026.07.08,3000230590,,,,쑥갓,경기도,경기도 안성시,2026-07-08
민물장어(260100172-004),성*수산,20260630,,경상북도 예천군,경상북도 보건환경연구원 북부지원 안동농수산물검사소,,,,옥솔린산,0.1mg/kg이하,1.0 mg/kg,2026.07.08,3000230620,,,,장어활,경상북도,경상북도 예천군,2026-07-08
로메인,이*업,20260707,,경기도 양평군,서울특별시 보건환경연구원 강남농수산물검사소,,,,플루아지남,0.03 mg/kg 이하,0.29 mg/kg,2026.07.08,3000230626,,,,상추,경기도,경기도 양평군,2026-07-08
농산물-260709-003 깻잎,허*자,20260709,,대구광역시 동구,강원특별자치도 보건환경연구원,,,,이프로벤포스,0.01 mg/kg 이하,0.05 mg/kg,2026.07.09,3000230684,,,,들깻잎,대구광역시,대구광역시 동구,2026-07-09
농산물-260709-003 깻잎,허*자,20260709,,대구광역시 동구,강원특별자치도 보건환경연구원,,,,아이소프로티올레인,0.01 mg/kg 이하,0.02 mg/kg,2026.07.09,3000230684,,,,들깻잎,대구광역시,대구광역시 동구,2026-07-09
시금치(26-6-30-7),전*술,20260630,,전북특별자치도 완주군,전북특별자치도 보건환경연구원,,,,터부포스,0.05 이하,0.1416,2026.07.09,3000230687,,,,시금치,전북특별자치도,전북특별자치도 완주군,2026-07-09
열무,이*대,20260709,,경기 양주시,,,,,터부포스,0.05 mg/kg 이하,0.32 mg/kg,2026.07.10,3000230707,,,,무(잎),경기,경기 양주시,2026-07-10
열무,이*연,20260709,,충청북도 충주시,경기도 경기도보건환경연구원,,,4kg,카벤다짐,0.01mg/kg 이하,0.05mg/kg,2026.07.10,3000230711,,,,열무,충청북도,충청북도 충주시,2026-07-10
S-1227 고수,김*경,20260709,,인천 계양구,인천광역시 보건환경연구원 식약연구부 삼산농산물검사소,,,,플루톨라닐,0.01 이하,0.052,2026.07.10,3000230721,,,,고수(잎),인천,인천 계양구,2026-07-10
깻잎(A-0709-6),정*조,20260709,,충청남도 금산군,전남광주통합특별시 광주보건환경연구원 식품의약품연구부 서부농수산물검사소,,,,포레이트,0.05 이하,0.0690853893018449,2026.07.10,3000230730,,,,들깻잎,충청남도,충청남도 금산군,2026-07-10
고춧잎,강*기,20260709,,충남 당진시,,,,,디노테퓨란,0.01 mg/kg 이하(PLS),8.80 mg/kg 이하,2026.07.10,3000230761,,,,고춧잎,충남,충남 당진시,2026-07-10
송영신목장 A2저지 플레인요거트,농업회사법인 주식회사 디투오,데이터없음,2026.07.23,경기도 안성시,경기도 경기도동물위생시험소,,,,대장균군,"n=5, c=1, m=0, m=10(CFU/g)","n1=90, n2=65, n3=90, n4=90, n5=70",2026.07.10,3000230774,202603750182,20260375018,,발효유,경기도,경기도 안성시,2026-07-10
치커리,홍*송,데이터없음,2026-07-13(의뢰일),경기도 이천시,서울특별시 보건환경연구원 강남농수산물검사소,,,,포레이트,0.01mg/kg (기준 규격 없음),0.18mg/kg,2026.07.13,3000230847,,,,치커리(잎),경기도,경기도 이천시,2026-07-13
치커리,홍*송,데이터없음,2026-07-13(의뢰일),경기도 이천시,서울특별시 보건환경연구원 강남농수산물검사소,,,,카벤다짐,0.01mg/kg (기준 규격 없음),2.80mg/kg,2026.07.13,3000230847,,,,치커리(잎),경기도,경기도 이천시,2026-07-13
치커리,홍*송,데이터없음,2026-07-13(의뢰일),경기도 이천시,서울특별시 보건환경연구원 강남농수산물검사소,,,,파클로부트라졸,0.01mg/kg (기준 규격 없음),4.8mg/kg,2026.07.13,3000230847,,,,치커리(잎),경기도,경기도 이천시,2026-07-13
케일,주*연,20260708,,경기도 광주시,서울특별시 보건환경연구원 강남농수산물검사소,,,,파클로부트라졸,2.0 mg/kg 이하,5.0 mg/kg,2026.07.13,3000230857,,,,케일,경기도,경기도 광주시,2026-07-13
메밀,서*호,20260713,,전남광주통합특별시 나주시,전남광주통합특별시 광주보건환경연구원 식품의약품연구부 각화농산물검사소,,,,피리플루퀴나존,0.2 mg/kg 이하(엽경채류),1.1 mg/kg,2026.07.14,3000230879,,,,메밀순,전남광주통합특별시,전남광주통합특별시 나주시,2026-07-14
열무,정*용,20260713,,전남광주통합특별시 고흥군,전남광주통합특별시 전남보건환경연구원 동부지원 농산물검사소,,,,터부포스,0.05 이하,0.0677,2026.07.14,3000230894,,,,열무,전남광주통합특별시,전남광주통합특별시 고흥군,2026-07-14
열무,정*용,20260713,,전남광주통합특별시 고흥군,전남광주통합특별시 전남보건환경연구원 동부지원 농산물검사소,,,,카벤다짐,0.01 이하,0.0567,2026.07.14,3000230894,,,,열무,전남광주통합특별시,전남광주통합특별시 고흥군,2026-07-14
쑥갓,김*기,20260715,,경기 안성시,,,,,이프로벤포스,0.01 mg/kg 이하(PLS),0.04 mg/kg,2026.07.15,3000230941,,,,쑥갓,경기,경기 안성시,2026-07-15
쑥갓,김*기,20260715,,경기 안성시,,,,,펜디메탈린,0.01 mg/kg 이하(PLS),0.02 mg/kg,2026.07.15,3000230941,,,,쑥갓,경기,경기 안성시,2026-07-15
고춧잎,김*권,20260713,,충청북도 옥천군,대전광역시 보건환경연구원 식의약연구부,,,,플루벤디아마이드,0.01 mg/kg 이하,0.56 mg/kg,2026.07.15,3000230958,,,,고춧잎,충청북도,충청북도 옥천군,2026-07-15
적겨자잎,최*흥,20260708,,경기도 여주시,서울특별시 보건환경연구원 강남농수산물검사소,,,,파클로부트라졸,3.0 mg/kg 이하,8.1 mg/kg,2026.07.15,3000230961,,,,겨자채,경기도,경기도 여주시,2026-07-15
열무(강북유잔07-15-02),이*행,20260715,,경기 포천시,서울특별시 보건환경연구원 강북농수산물검사소,,,,다이아지논,0.01 mg/kg 이하,0.350 mg/kg,2026.07.15,3000230975,,,,열무,경기,경기 포천시,2026-07-15
곡기생,(주)나음,데이터없음,2029.03.30,경기도 포천시,서울특별시 보건환경연구원 강북농수산물검사소,,,600g,카드뮴,0.3 ppm 이하,0.4 ppm,2026.07.16,3000230989,,20180016067,,겨우살이,경기도,경기도 포천시,2026-07-16
S-1247 백리향,박*홍,20260714,,대구광역시 달성군,인천광역시 보건환경연구원 식약연구부 삼산농산물검사소,,,,메타플루미존,0.01 이하,0.787,2026.07.16,3000231007,,,,사향초,대구광역시,대구광역시 달성군,2026-07-16
S-1247 백리향,박*홍,20260714,,대구광역시 달성군,인천광역시 보건환경연구원 식약연구부 삼산농산물검사소,,,,티아메톡삼,0.01 이하,0.052,2026.07.16,3000231007,,,,사향초,대구광역시,대구광역시 달성군,2026-07-16
S-1248 허브딜,테*팜,20260715,,부산광역시 해운대구,인천광역시 보건환경연구원 식약연구부 삼산농산물검사소,,,,에토펜프록스,0.01 이하,2.874,2026.07.16,3000231015,,,,서양자초(잎),부산광역시,부산광역시 해운대구,2026-07-16
복숭아,조*래,20260716,,경북 예천군,경상북도 보건환경연구원 북부지원 안동농수산물검사소,,,,뷰프로페진,1.0 mg/kg 이하,1.3 mg/kg,2026.07.16,3000231055,,,,복숭아,경북,경북 예천군,2026-07-16
진도7-22(당귀),황*구,20260714,,전남광주통합특별시 광산구,전남광주통합특별시 전남보건환경연구원 동부지원 농산물검사소,,,,보스칼리드,0.01 이하,0.0454,2026.07.20,3000231090,,,,당귀(잎),전남광주통합특별시,전남광주통합특별시 광산구,2026-07-20
진도7-22(당귀),황*구,20260714,,전남광주통합특별시 광산구,전남광주통합특별시 전남보건환경연구원 동부지원 농산물검사소,,,,사이에노피라펜,3.0 이하,5.0767,2026.07.20,3000231090,,,,당귀(잎),전남광주통합특별시,전남광주통합특별시 광산구,2026-07-20
바질,김*수,데이터없음,2026.7.20.(의뢰일자),경기도 여주시,서울특별시 보건환경연구원 강남농수산물검사소,,,,플룩사메타마이드,0.01 mg/kg 이하,0.16 mg/kg,2026.07.20,3000231104,,,,바질(잎),경기도,경기도 여주시,2026-07-20
바질,김*수,데이터없음,2026.7.20.(의뢰일자),경기도 여주시,서울특별시 보건환경연구원 강남농수산물검사소,,,,파클로부트라졸,0.01 mg/kg 이하,0.06 mg/kg,2026.07.20,3000231104,,,,바질(잎),경기도,경기도 여주시,2026-07-20
냉동얼갈이,주식회사 케이원무역,데이터없음,"포장일자: 2026.2.6, 소비기한: 포장일로부터 36개월까지",경기도 평택시,,,8809415401912,1kg,뷰프로페진,0.01 mg/kg 이하(PLS),0.05 mg/kg,2026.07.20,3000231105,,20240017800,,엇갈이배추,경기도,경기도 평택시,2026-07-20
냉동얼갈이,주식회사 케이원무역,데이터없음,"포장일자: 2026.2.6, 소비기한: 포장일로부터 36개월까지",경기도 평택시,,,8809415401912,1kg,디페노코나졸,0.01 mg/kg 이하(PLS),0.14 mg/kg,2026.07.20,3000231105,,20240017800,,엇갈이배추,경기도,경기도 평택시,2026-07-20
적근대,김*숙,데이터없음,2026.7.20.(수거일자),경기도 이천시,서울특별시 보건환경연구원 강남농수산물검사소,,,,플룩사메타마이드,6.0 mg/kg 이하,9.8 mg/kg,2026.07.20,3000231113,,,,근대,경기도,경기도 이천시,2026-07-20
바질,장*길,20260720,2026.07.20,경기도 양평군,서울특별시 보건환경연구원 강남농수산물검사소,,,,플룩사메타마이드,0.01 mg/kg 이하,0.52 mg/kg,2026.07.20,3000231133,,,,바질(잎),경기도,경기도 양평군,2026-07-20
상추,윤*식,20260720,2026.07.20,충남 부여군,서울특별시 보건환경연구원 강남농수산물검사소,,,,이미시아포스,0.01mg/kg (기준 규격 없음),0.07mg/kg,2026.07.20,3000231147,,,,상추,충남,충남 부여군,2026-07-20
곡성7-17(햇살가득참나물),정*연,20260714,,전북특별시 완주군,전남광주통합특별시 전남보건환경연구원 동부지원 농산물검사소,,,,카벤다짐,2.0 이하,2.2,2026.07.20,3000231149,,,,참나물,전북특별시,전북특별시 완주군,2026-07-20
흑우럭(260101816-001),**SG,20260714,,경상남도 통영시,경상북도 보건환경연구원 식의약연구부 포항농수산물검사소,,,,트리메토프림,0.05 이하,0.094,2026.07.20,3000231157,2010027500328,20100275003,,조피볼락,경상남도,경상남도 통영시,2026-07-20
아욱(A-0720-4),강*성,20260720,2026.07.09,전남광주통합특별시 남구,전남광주통합특별시 광주보건환경연구원 식품의약품연구부 서부농수산물검사소,,,,플루벤디아마이드,0.01 이하,0.24,2026.07.21,3000231177,,,,아욱,전남광주통합특별시,전남광주통합특별시 남구,2026-07-21
깻잎,임*주,20260720,,경상북도 경산시,대구광역시 보건환경연구원 식의약연구부,,,,카벤다짐,30 mg/kg이하,79 mg/kg,2026.07.21,3000231178,,,,들깻잎,경상북도,경상북도 경산시,2026-07-21
깻잎,임*주,20260720,,경상북도 경산시,대구광역시 보건환경연구원 식의약연구부,,,,에토프로포스,0.05 mg/kg이하,0.33 mg/kg,2026.07.21,3000231178,,,,들깻잎,경상북도,경상북도 경산시,2026-07-21
바질,서*기,데이터없음,2026.7.21.(수거일자),서울특별시 강서구,서울특별시 보건환경연구원 강남농수산물검사소,,,,파클로부트라졸,0.01 mg/kg 이하 (기준 규격 없음),2.03 mg/kg,2026.07.21,3000231225,,,,바질(잎),서울특별시,서울특별시 강서구,2026-07-21
바질,서*기,데이터없음,2026.7.21.(수거일자),서울특별시 강서구,서울특별시 보건환경연구원 강남농수산물검사소,,,,플루톨라닐,7.0 mg/kg 이하 (바질),11.7 mg/kg,2026.07.21,3000231225,,,,바질(잎),서울특별시,서울특별시 강서구,2026-07-21
로즈,김*슬,데이터없음,2026.7.21.(수거일자),강원 평창군,서울특별시 보건환경연구원 강남농수산물검사소,,,,플루아지남,0.01 mg/kg 이하 (기준 규격 없음),0.11 mg/kg,2026.07.21,3000231233,,,,케일,강원,강원 평창군,2026-07-21
고수,고*자,20260721,,대구광역시 달성군,대구광역시 보건환경연구원 식의약연구부,,,,플룩사메타마이드,2.0 이하,2.4 mg/kg,2026.07.22,3000231256,,,,고수(잎),대구광역시,대구광역시 달성군,2026-07-22
고수,고*자,20260721,,대구광역시 달성군,대구광역시 보건환경연구원 식의약연구부,,,,에토프로포스,0.01 이하,0.35 mg/kg,2026.07.22,3000231256,,,,고수(잎),대구광역시,대구광역시 달성군,2026-07-22
고수,고*자,20260721,,대구광역시 달성군,대구광역시 보건환경연구원 식의약연구부,,,,피카뷰트라족스,0.01 이하,2.60 mg/kg,2026.07.22,3000231256,,,,고수(잎),대구광역시,대구광역시 달성군,2026-07-22
밤호박(A-0721-8),하*희,20260721,2026.07.21,전남광주통합특별시 무안군,전남광주통합특별시 광주보건환경연구원 식품의약품연구부 서부농수산물검사소,,,,페나자퀸,0.01 이하,0.08,2026.07.22,3000231277,,,,호박,전남광주통합특별시,전남광주통합특별시 무안군,2026-07-22
대파,박*윤,20260720,,강원도 양구군,인천광역시 보건환경연구원 식약연구부 남촌농산물검사소,,,,포레이트,0.05 mg/kg 이하,0.10 mg/kg,2026.07.22,3000231303,,,,파,강원도,강원도 양구군,2026-07-22
14. 열무,박*균,20260715,,세종특별자치시,세종특별자치시 보건환경연구원 식품연구과,,,,피플루뷰마이드,0.01 이하,0.15,2026.07.22,3000231312,,,,열무,세종특별자치시,세종특별자치시,2026-07-22
깻잎,신*덕,20260714,,경상남도 밀양시,대구광역시 보건환경연구원 식의약연구부,,,,뷰프로페진,0.01 이하,0.19 mg/kg,2026.07.23,3000231331,,,,들깻잎,경상남도,경상남도 밀양시,2026-07-23
카이피라,이*산,20260714,,경상남도 의령군,대구광역시 보건환경연구원 식의약연구부,,,,노발루론,0.01 이하,0.15 mg/kg,2026.07.23,3000231359,,,,상추,경상남도,경상남도 의령군,2026-07-23
열무(GS-0722-12),김*,20260722,2026.07.22,전남광주통합특별시 나주시,전남광주통합특별시 광주보건환경연구원 식품의약품연구부 서부농수산물검사소,,,,플루트리아폴,0.01 이하,.044750930941277068,2026.07.23,3000231376,,,,열무,전남광주통합특별시,전남광주통합특별시 나주시,2026-07-23
당근,정*곤 외 다수,20260723,2026-07-23(의뢰일),경남 밀양시,서울특별시 보건환경연구원 강남농수산물검사소,,,,터부포스,0.05mg/kg,0.17mg/kg,2026.07.23,3000231381,,,,당근,경남,경남 밀양시,2026-07-23
향나물,김*숙,20260715,,경기도 안성시,서울특별시 보건환경연구원 강남농수산물검사소,,,,나프로파마이드,0.01 mg/kg 이하,0.05 mg/kg,2026.07.23,3000231400,,,,파슬리,경기도,경기도 안성시,2026-07-23
와일드,전*옥,20260723,,경기도 하남시,서울특별시 보건환경연구원 강남농수산물검사소,,,,뷰프로페진,0.01 mg/kg 이하,0.09 mg/kg,2026.07.23,3000231403,,,,루꼴라,경기도,경기도 하남시,2026-07-23
쪽파,조*순,20260723,,충남 당진시,,,,,포레이트,0.05 mg/kg 이하,0.99 mg/kg,2026.07.24,3000231406,,,,파,충남,충남 당진시,2026-07-24
로컬푸드(대추방울토마토)(L146),김*희,20260722,2026.04.20,울산광역시 북구,울산광역시 보건환경연구원 보건연구부 농수산물검사소,,210000111005942009,,이미시아포스,0.05 mg/kg 이하,0.16 mg/kg,2026.07.24,3000231414,,,,방울토마토,울산광역시,울산광역시 북구,2026-07-24
플레인 요거트,큐엘푸드 주식회사,20260721,2026.08.07,경기도 의정부시,경기도 경기도북부동물위생시험소,,,,대장균군,"n=5, c=2, m=0, M=10","210, 15, 1100, 1000, 480",2026.07.24,3000231481,202403711291,20240371129,,농후발효유,경기도,경기도 의정부시,2026-07-24
고수,조*순,20260724,2026-07-24(의뢰일),경기도 양평군,서울특별시 보건환경연구원 강남농수산물검사소,,,,디니코나졸,0.01mg/kg (기준 규격 없음),0.84mg/kg,2026.07.24,3000231488,,,,고수(잎),경기도,경기도 양평군,2026-07-24
취나물,박*숙,20260722,2026.-0.7-,경상북도 칠곡군,대구광역시 보건환경연구원 식의약연구부,,,,아세타미프리드,5.0 mg/kg 이하,11.3 mg/kg,2026.07.24,3000231490,,,,취나물,경상북도,경상북도 칠곡군,2026-07-24
취나물,박*숙,20260722,2026.-0.7-,경상북도 칠곡군,대구광역시 보건환경연구원 식의약연구부,,,,테부코나졸,0.05 mg/kg 이하,0.23 mg/kg,2026.07.24,3000231490,,,,취나물,경상북도,경상북도 칠곡군,2026-07-24
깻잎,이*순,20260721,,충남,대전광역시 보건환경연구원 식의약연구부,,,,플루페녹수론,10 mg/kg 이하,11 mg/kg,2026.07.24,3000231498,,,,들깻잎,충남,충남,2026-07-24
애호박(B-0724-2),정*기,20260724,2026.07.24,전남광주통합특별시 함평군,전남광주통합특별시 광주보건환경연구원 식품의약품연구부 서부농수산물검사소,,,,프로파모카브,0.01 이하,0.09,2026.07.24,3000231503,,,,호박,전남광주통합특별시,전남광주통합특별시 함평군,2026-07-24
덕암대란,덕암농장,20260709,2026.08.20,전북특별자치도 고창군,광주청 유해물질분석과,,8809970710023,30알,살모넬라균,불검출(내용물13),검출,2026.07.27,3000231595,,20230714110,,달걀,전북특별자치도,전북특별자치도 고창군,2026-07-27
덕암대란,덕암농장,20260709,2026.08.20,전북특별자치도 고창군,광주청 유해물질분석과,,8809970710023,30알,살모넬라균,불검출(내용물1),검출,2026.07.27,3000231595,,20230714110,,달걀,전북특별자치도,전북특별자치도 고창군,2026-07-27
덕암대란,덕암농장,20260709,2026.08.20,전북특별자치도 고창군,광주청 유해물질분석과,,8809970710023,30알,살모넬라균,불검출(내용물6),검출,2026.07.27,3000231595,,20230714110,,달걀,전북특별자치도,전북특별자치도 고창군,2026-07-27
깻잎,윤*실,20260727,2026-07-24(의뢰일),경남 밀양시,서울특별시 보건환경연구원 강남농수산물검사소,,,,디니코나졸,0.3mg/kg (엽채류),1.0mg/kg,2026.07.27,3000231619,,,,들깻잎,경남,경남 밀양시,2026-07-27
2-34.국내산실온흙당근,정*호,2026-07-23 00:00:00.0,,경상남도 밀양시,인천광역시 보건환경연구원 식약연구부 삼산농산물검사소,,,,터부포스,0.05 이하,0.929,2026.07.27,3000231620,,,,당근,경상남도,경상남도 밀양시,2026-07-27
고수,양*태,데이터없음,2026.7.27.(수거일자),경기도 포천시,서울특별시 보건환경연구원 강남농수산물검사소,,,,에토프로포스,0.01 mg/kg 이하 (기준 규격 없음),0.12 mg/kg,2026.07.27,3000231641,,,,고수(잎),경기도,경기도 포천시,2026-07-27
나-511 당근,정*호,2026-07-21 00:00:00.0,,경상남도 밀양시,인천광역시 보건환경연구원 식약연구부 삼산농산물검사소,,,,터부포스,0.05 이하,0.088,2026.07.28,3000231655,,,,당근,경상남도,경상남도 밀양시,2026-07-28
건초먹인 신선한 저온살균우유,(주)연보람 우유,데이터없음,2026.07.28,경기도 김포시,경인지방식품의약품안전청,,8809668450057,,대장균군,"n=5, c=2, m=0, M=10","1700, 1600, 1700, 3200, 3600",2026.07.28,3000231663,201902670105,20190267010,,우유,경기도,경기도 김포시,2026-07-28
건초먹인 신선한 저온살균우유,(주)연보람 우유,데이터없음,2026.07.28,경기도 김포시,경인지방식품의약품안전청,,8809668450057,,세균수,"n=5, c=2, m=10000, M=50000","170000, 300000, 300000, 300000, 300000",2026.07.28,3000231663,201902670105,20190267010,,우유,경기도,경기도 김포시,2026-07-28
고구마순,배*자,20260727,,전남광주통합특별시 서구,전남광주통합특별시 광주보건환경연구원 식품의약품연구부 각화농산물검사소,,,,디노테퓨란,0.05 mg/kg 이하(고구마줄기),0.23 mg/kg,2026.07.28,3000231674,,,,고구마줄기,전남광주통합특별시,전남광주통합특별시 서구,2026-07-28
아욱,생산자 미상,20260727,,전남광주통합특별시 나주시,전남광주통합특별시 광주보건환경연구원 식품의약품연구부 각화농산물검사소,,,,테트라코나졸,0.01 mg.kg 이하 (PLS 기준),0.22  mg/kg,2026.07.28,3000231681,,,,아욱,전남광주통합특별시,전남광주통합특별시 나주시,2026-07-28
오이(관1453-2),송*수,20260727,,대구 군위군,울산광역시 보건환경연구원 보건연구부 농수산물검사소,,,,디클로르보스,0.1 mg/kg 이하,0.3 mg/kg,2026.07.28,3000231685,,,,오이,대구,대구 군위군,2026-07-28
S-1328 고춧잎,서*원,20260728,,경기 연천군,인천광역시 보건환경연구원 식약연구부 삼산농산물검사소,,,,카벤다짐,0.01 이하,6.569,2026.07.28,3000231694,,,,고춧잎,경기,경기 연천군,2026-07-28
S-1328 고춧잎,서*원,20260728,,경기 연천군,인천광역시 보건환경연구원 식약연구부 삼산농산물검사소,,,,보스칼리드,0.01 이하,0.690,2026.07.28,3000231694,,,,고춧잎,경기,경기 연천군,2026-07-28
당귀,이*자,데이터없음,2026.7.28.(수거일자),강원도 홍천군,서울특별시 보건환경연구원 강남농수산물검사소,,,,이미시아포스,0.01 mg/kg 이하,0.60 mg/kg,2026.07.28,3000231714,,,,당귀(잎),강원도,강원도 홍천군,2026-07-28
쑥갓,최*호,데이터없음,2026.7.28.(수거일자),경기도 포천시,서울특별시 보건환경연구원 강남농수산물검사소,,,,다이아지논,0.01 mg/kg 이하 (기준 규격 없음),0.08 mg/kg,2026.07.28,3000231720,,,,쑥갓,경기도,경기도 포천시,2026-07-28
미나리(N-0728-1),김*은,20260728,2026.07.28,전남광주통합특별시 영암군,전남광주통합특별시 광주보건환경연구원 식품의약품연구부 서부농수산물검사소,,,,페림존,0.01 이하,0.03,2026.07.29,3000231734,,,,미나리,전남광주통합특별시,전남광주통합특별시 영암군,2026-07-29
녹용품은 흑염소진액,(주)씨씨피헬스 농업회사법인,데이터없음,2027.07.20,충청북도 청주시 청원구,서울특별시 보건환경연구원,,,,세균수,"n=5, c=1, n=100, M=1,000(그대로 섭취하는 액상제품에 한한다)","170,205,140,175,165",2026.07.29,3000231752,202406330211,20240633021,,식육추출가공품,충청북도,충청북도 청주시,2026-07-29
적근대,유*숙,데이터없음,2026.7.29.(수거일자),경기도 이천시,서울특별시 보건환경연구원 강남농수산물검사소,,,,파클로부트라졸,2.0 mg/kg 이하 (엽채류),2.7 mg/kg,2026.07.29,3000231807,,,,근대,경기도,경기도 이천시,2026-07-29
상추,서*정,20260730,,전북 부안군,,,,,테트라코나졸,0.01 mg/kg 이하(PLS),0.04 mg/kg,2026.07.30,3000231843,,,,상추,전북,전북 부안군,2026-07-30
근대,임*례,20260723,,경기도 여주시,서울특별시 보건환경연구원 강남농수산물검사소,,,,에톡사졸,0.01 mg/kg 이하,0.67 mg/kg,2026.07.30,3000231859,,,,근대,경기도,경기도 여주시,2026-07-30
S-1346 쥬키니호박,김*분,20260730,,강원 평창군,인천광역시 보건환경연구원 식약연구부 삼산농산물검사소,,,,이미시아포스,0.05 이하,0.222,2026.07.30,3000231862,,,,호박,강원,강원 평창군,2026-07-30
깻잎,이*주,데이터없음,2026.7.30.(수거일자),충청남도 금산군,서울특별시 보건환경연구원 강남농수산물검사소,,,,메타벤즈티아주론,0.01 mg/kg 이하 (기준 규격 없음),0.12 mg/kg,2026.07.30,3000231879,,,,들깻잎,충청남도,충청남도 금산군,2026-07-30
브래그 리퀴드 아미노스(BRAGG ALL PURPOSE SEASONING LIQUID AMINOS_473ML),(주)코어랜드마크,20240918,2027.09.18,인천광역시,경인청 유해물질분석과,,7430500016,473mL,3-MCPD,0.02 이하,0.084,2026.07.31,3000231899,,20190004384,,산분해간장,인천광역시,인천광역시,2026-07-31
광어,**수산,2026-07-23 00:00:00.0,,전남광주통합특별시 완도군,경상북도 보건환경연구원,,,,아목시실린,0.05 이하,0.087,2026.08.03,3000232009,,20179000014,,넙치,전남광주통합특별시,전남광주통합특별시 완도군,2026-08-03
광어(260100198-001),부*수산,20260721,,전남광주통합특별시 완도군,경상북도 보건환경연구원 북부지원 안동농수산물검사소,,,,플로르페니콜,0.2 mg/kg 이하,0.4 mg/kg,2026.08.03,3000232028,,,,넙치활,전남광주통합특별시,전남광주통합특별시 완도군,2026-08-03
로메인,박*자,20260803,,강원도 평창군,경기도 경기도보건환경연구원,,,2kg,디니코나졸,0.3 mg/kg 이하,0.5 mg/kg,2026.08.04,3000232044,,,,상추,강원도,강원도 평창군,2026-08-04
찰수수,농업회사법인연농유통,20260723,,충청남도 논산시,충청남도 보건환경연구원 식약품연구부,,21000444190470070009,500g,제랄레논,100 μg/kg 이하,349 μg/kg,2026.08.04,3000232048,,,,수수,충청남도,충청남도 논산시,2026-08-04
거대곰탕,주식회사 유니버셜푸드랩,데이터없음,2027.07.07,부산광역시 기장군,부산광역시 보건환경연구원 동물위생시험소 축산물검사팀,,8809676870007,500g,대장균,"n=5, c=1, m=0, M=10","0,0,0,6,4",2026.08.04,3000232055,2010012500926,20100125009,,식육추출가공품,부산광역시,부산광역시 기장군,2026-08-04
거대곰탕,주식회사 유니버셜푸드랩,데이터없음,2027.07.08,부산광역시 기장군,부산광역시 보건환경연구원 동물위생시험소 축산물검사팀,,8809676870007,500g,대장균,"n=5, c=1, m=0, M=10","450,53,0,0,0",2026.08.04,3000232060,2010012500926,20100125009,,식육추출가공품,부산광역시,부산광역시 기장군,2026-08-04
로즈마리,임*숙,데이터없음,2026.8.4.(의뢰일자),경기도 광주시,서울특별시 보건환경연구원 강남농수산물검사소,,,,플루디옥소닐,0.01 mg/kg 이하 (기준 규격 없음),6.22 mg/kg,2026.08.04,3000232082,,,,로즈마리,경기도,경기도 광주시,2026-08-04
로즈마리,임*숙,데이터없음,2026.8.4.(의뢰일자),경기도 광주시,서울특별시 보건환경연구원 강남농수산물검사소,,,,플룩사메타마이드,0.01 mg/kg 이하 (기준 규격 없음),26.64 mg/kg,2026.08.04,3000232082,,,,로즈마리,경기도,경기도 광주시,2026-08-04
로즈마리,임*숙,데이터없음,2026.8.4.(의뢰일자),경기도 광주시,서울특별시 보건환경연구원 강남농수산물검사소,,,,피리플루퀴나존,0.01 mg/kg 이하 (기준 규격 없음),2.58 mg/kg,2026.08.04,3000232082,,,,로즈마리,경기도,경기도 광주시,2026-08-04
로즈마리,임*숙,데이터없음,2026.8.4.(의뢰일자),경기도 광주시,서울특별시 보건환경연구원 강남농수산물검사소,,,,파클로부트라졸,0.01 mg/kg 이하 (기준 규격 없음),4.62 mg/kg,2026.08.04,3000232082,,,,로즈마리,경기도,경기도 광주시,2026-08-04
상추,최*영,20260803,,경북 포항시,경상북도 보건환경연구원 식의약연구부 포항농수산물검사소,,,,터부포스,1.5 이하,4.8,2026.08.05,3000232107,,,,상추,경북,경북 포항시,2026-08-05
상추,권*남,20260802,,경기도 이천시,경인청 농축수산물안전과,,PL02002109366,,오리사스트로빈,0.01 이하,0.04,2026.08.05,3000232120,,,,상추,경기도,경기도 이천시,2026-08-05
상추,통*,20260723,2026.07.23,충남 논산시,,,,,에마멕틴 벤조에이트,0.3 mg/kg 이하,0.8 mg/kg,2026.08.05,3000232131,,,,상추,충남,충남 논산시,2026-08-05
고구마순,김*선,20260804,,전남광주통합특별시 서구,전남광주통합특별시 광주보건환경연구원 식품의약품연구부 각화농산물검사소,,,,디노테퓨란,0.05 mg/kg 이하(고구마줄기),0.21 mg/kg,2026.08.05,3000232133,,,,고구마줄기,전남광주통합특별시,전남광주통합특별시 서구,2026-08-05
고구마순,정*철,20260804,,전남광주통합특별시 서구,전남광주통합특별시 광주보건환경연구원 식품의약품연구부 각화농산물검사소,,,,인독사카브,0.1 mg/kg 이하(고구마줄기),0.3 mg/kg,2026.08.05,3000232140,,,,고구마줄기,전남광주통합특별시,전남광주통합특별시 서구,2026-08-05
S-1379 비름나물,이*식,20260805,,경기 고양시,인천광역시 보건환경연구원 식약연구부 삼산농산물검사소,,,,플루벤디아마이드,0.01 이하,1.713,2026.08.05,3000232146,,,,비름나물,경기,경기 고양시,2026-08-05
고춧잎,양*원,데이터없음,20260805(의뢰일자),강원도 철원군,서울특별시 보건환경연구원 강남농수산물검사소,,,kg,플루아지남,0.01(PLS),51.60 mg/kg,2026.08.05,3000232151,,,,고춧잎,강원도,강원도 철원군,2026-08-05
완도-139(근대),임*례,20260803,,경기도 여주시,전남광주통합특별시 전남보건환경연구원 동부지원 농산물검사소,,,,에톡사졸,0.01 이하,0.47,2026.08.06,3000232182,,,,근대,경기도,경기도 여주시,2026-08-06
에나배주스,한국배영농조합법인,데이터없음,2028.04.21,경상남도 진주시,경상남도 보건환경연구원 감염병연구부,,,100ml,세균수,"n=5, c=1, m=100, M=1000","0, 0, 2900, 0, 0",2026.08.06,3000232189,202409104536,20240910453,,과.채주스,경상남도,경상남도 진주시,2026-08-06
미나리,이*남,데이터없음,2026.8.6.(수거일자),경북 청도군,서울특별시 보건환경연구원 강남농수산물검사소,,,,이프로벤포스,0.01 mg/kg 이하 (기준 규격 없음),0.04 mg/kg,2026.08.06,3000232200,,,,미나리,경북,경북 청도군,2026-08-06
미나리,이*남,데이터없음,2026.8.6.(수거일자),경북 청도군,서울특별시 보건환경연구원 강남농수산물검사소,,,,프로사이미돈,0.15 mg/kg 이하 (엽경채류),0.65 mg/kg,2026.08.06,3000232200,,,,미나리,경북,경북 청도군,2026-08-06
얼갈이,양*곤,20260806,,경기 포천시,,,,,메트코나졸,3.0 mg/kg 이하,5.2 mg/kg,2026.08.07,3000232207,,,,엇갈이배추,경기,경기 포천시,2026-08-07
셀러리,김*현,20260806,,경기도 이천시,서울특별시 보건환경연구원 강남농수산물검사소,,,,파클로부트라졸,0.5 mg/kg 이하,0.9 mg/kg,2026.08.07,3000232214,,,,셀러리,경기도,경기도 이천시,2026-08-07
셀러리,김*현,20260806,,경기도 이천시,서울특별시 보건환경연구원 강남농수산물검사소,,,,플룩사메타마이드,2.0 mg/kg 이하,8.2 mg/kg,2026.08.07,3000232214,,,,셀러리,경기도,경기도 이천시,2026-08-07
깻잎(LOCAL-0806-5),임*옥,20260806,2026.08.06,전남광주통합특별시 광산구,전남광주통합특별시 광주보건환경연구원 식품의약품연구부 서부농수산물검사소,,,,프로파닐,0.01 이하,0.33,2026.08.07,3000232222,,,,들깻잎,전남광주통합특별시,전남광주통합특별시 광산구,2026-08-07
홍고추,양*영,20260806,2026.08.07,충청북도 충주시,경기도 경기도보건환경연구원,,,1상자(10kg),플루트리아폴,0.01 mg/kg 이하,0.04 mg/kg,2026.08.07,3000232237,,,,고추,충청북도,충청북도 충주시,2026-08-07
적겨자,서*열,20260806,,경기도 이천시,경인청 농축수산물안전과,,2507281055852,,유니코나졸,0.01 이하,0.12,2026.08.07,3000232259,,,,겨자채,경기도,경기도 이천시,2026-08-07
비름나물,유*자,20260806,,경기도 고양시,,,,,플루벤디아마이드,0.01 mg/kg 이하(PLS),1.73 mg/kg,2026.08.07,3000232288,,,,비름나물,경기도,경기도 고양시,2026-08-07
당귀,임*훈,데이터없음,2026.08.05,경기도 포천시,전남광주통합특별시 광주보건환경연구원 식품의약품연구부 각화농산물검사소,,,,테부코나졸,0.01 mg/kg 이하(PLS 기준),0.02 mg/kg,2026.08.07,3000232309,,,,당귀(잎),경기도,경기도 포천시,2026-08-07
당귀,임*훈,데이터없음,2026.08.05,경기도 포천시,전남광주통합특별시 광주보건환경연구원 식품의약품연구부 각화농산물검사소,,,,펜디메탈린,3.0 mg/kg 이하(엽채류),3.5 mg/kg,2026.08.07,3000232309,,,,당귀(잎),경기도,경기도 포천시,2026-08-07
당귀,임*훈,데이터없음,2026.08.05,경기도 포천시,전남광주통합특별시 광주보건환경연구원 식품의약품연구부 각화농산물검사소,,,,에토프로포스,0.01 mg/kg 이하(PLS 기준),0.04 mg/kg,2026.08.07,3000232309,,,,당귀(잎),경기도,경기도 포천시,2026-08-07
고수,박*덕,데이터없음,20260805(의뢰일자),경기도 고양시,서울특별시 보건환경연구원 강남농수산물검사소,,,kg,아미설브롬,0.01(PLS),1.06 mg/kg,2026.08.07,3000232324,,,,고수(잎),경기도,경기도 고양시,2026-08-07
고수,박*덕,데이터없음,20260805(의뢰일자),경기도 고양시,서울특별시 보건환경연구원 강남농수산물검사소,,,kg,터부포스,0.01(PLS),1.37 mg/kg,2026.08.07,3000232324,,,,고수(잎),경기도,경기도 고양시,2026-08-07
고수,박*덕,데이터없음,20260805(의뢰일자),경기도 고양시,서울특별시 보건환경연구원 강남농수산물검사소,,,kg,다이아지논,0.01(PLS),0.19 mg/kg,2026.08.07,3000232324,,,,고수(잎),경기도,경기도 고양시,2026-08-07
고수,박*덕,데이터없음,20260805(의뢰일자),경기도 고양시,서울특별시 보건환경연구원 강남농수산물검사소,,,kg,플루페녹수론,0.01(PLS),0.33 mg/kg,2026.08.07,3000232324,,,,고수(잎),경기도,경기도 고양시,2026-08-07
천도,이*동진,20260807,,경상북도 경산시,경상남도 보건환경연구원 식약품연구부,,,,페니트로티온,0.1 이하,0.6,2026.08.10,3000232421,,,,복숭아,경상북도,경상북도 경산시,2026-08-10
열무,양*록,20260810,,경기도 포천시,경기도 경기도보건환경연구원,,,4kg,터부포스,0.13mg/kg,0.05mg/kg,2026.08.11,3000232440,,,,열무,경기도,경기도 포천시,2026-08-11
농산물-260810-001 복숭아1,황*중,20260810,,강원특별자치도 춘천시,강원특별자치도 보건환경연구원 식약품연구부 농산물검사과,,,,펜토에이트,0.01 mg/kg 이하,0.14 mg/kg,2026.08.11,3000232445,,,,복숭아,강원특별자치도,강원특별자치도 춘천시,2026-08-11
고구마순,김*수,20260810,,전남광주통합특별시 서구,전남광주통합특별시 광주보건환경연구원 식품의약품연구부 각화농산물검사소,,,,프로피코나졸,0.05 mg/kg 이하(고구마줄기),3.11 mg/kg,2026.08.11,3000232454,,,,고구마줄기,전남광주통합특별시,전남광주통합특별시 서구,2026-08-11
쪽파(A-0810-3),심*숙,20260810,2026.08.10,강원특별자치도 평창군,전남광주통합특별시 광주보건환경연구원 식품의약품연구부 서부농수산물검사소,,,,포레이트,0.05 이하,0.34247253291101654,2026.08.11,3000232473,,,,쪽파,강원특별자치도,강원특별자치도 평창군,2026-08-11
쪽파(A-0810-3),심*숙,20260810,2026.08.10,강원특별자치도 평창군,전남광주통합특별시 광주보건환경연구원 식품의약품연구부 서부농수산물검사소,,,,테부피림포스,0.05 이하,0.0861343829392533,2026.08.11,3000232473,,,,쪽파,강원특별자치도,강원특별자치도 평창군,2026-08-11
상추,차*호,20260810,,경북 포항시,경상북도 보건환경연구원 식의약연구부 포항농수산물검사소,,,,이프로벤포스,0.01 이하,0.04,2026.08.11,3000232484,,,,상추,경북,경북 포항시,2026-08-11
고수,여*민,20260806,,충청남도 예산군,서울특별시 보건환경연구원 강남농수산물검사소,,,,에타복삼,0.01 mg/kg 이하,0.18 mg/kg,2026.08.11,3000232495,,,,고수(잎),충청남도,충청남도 예산군,2026-08-11
고수,여*민,20260806,,충청남도 예산군,서울특별시 보건환경연구원 강남농수산물검사소,,,,테부피림포스,0.01 mg/kg 이하,0.13 mg/kg,2026.08.11,3000232495,,,,고수(잎),충청남도,충청남도 예산군,2026-08-11
고수,여*민,20260806,,충청남도 예산군,서울특별시 보건환경연구원 강남농수산물검사소,,,,플로니카미드,0.01 mg/kg 이하,0.15 mg/kg,2026.08.11,3000232495,,,,고수(잎),충청남도,충청남도 예산군,2026-08-11
로즈,주*자,20260811,,강원도 평창군,서울특별시 보건환경연구원 강남농수산물검사소,,,,플루아지남,0.01 mg/kg 이하,0.21 mg/kg,2026.08.11,3000232502,,,,케일,강원도,강원도 평창군,2026-08-11
참나물,김*남,20260811,,전남광주통합특별시 나주시,전남광주통합특별시 광주보건환경연구원 식품의약품연구부 각화농산물검사소,,,,카벤다짐,2.0 mg/kg(참나물 기준),52.1 mg/kg,2026.08.13,3000232554,,,,참나물,전남광주통합특별시,전남광주통합특별시 나주시,2026-08-13
농산물-260813-002 치커리,임*빈,20260813,,경기도 이천시,강원특별자치도 보건환경연구원 식약품연구부 농산물검사과,,,,페림존,0.01 mg/kg 이하,0.02 mg/kg,2026.08.13,3000232560,,,,치커리(잎),경기도,경기도 이천시,2026-08-13
광어,영*수산,20260811,,서울시 송파구,서울특별시 보건환경연구원 강남농수산물검사소,,,,옥시테트라싸이클린/클로르테트라싸이클린/테트라싸이클린,0.2 mg/kg,0.3 mg/kg,2026.08.13,3000232562,,,,넙치활,서울시,서울시 송파구,2026-08-13
부추,김*옥,20260812,,경기도 포천시,경기도 경기도보건환경연구원,,,350g,포레이트,0.1 mg/kg 이하,0.4 mg/kg,2026.08.13,3000232566,,,,부추,경기도,경기도 포천시,2026-08-13
바질,강*일,20260811,,경기도 양평군,서울특별시 보건환경연구원 강남농수산물검사소,,,,포레이트,0.01 mg/kg 이하,0.50 mg/kg,2026.08.13,3000232573,,,,바질(잎),경기도,경기도 양평군,2026-08-13
바질,강*일,20260811,,경기도 양평군,서울특별시 보건환경연구원 강남농수산물검사소,,,,유니코나졸,0.01 mg/kg 이하,0.10 mg/kg,2026.08.13,3000232573,,,,바질(잎),경기도,경기도 양평군,2026-08-13
바질,강*일,20260811,,경기도 양평군,서울특별시 보건환경연구원 강남농수산물검사소,,,,파클로부트라졸,0.01 mg/kg 이하,1.99 mg/kg,2026.08.13,3000232573,,,,바질(잎),경기도,경기도 양평군,2026-08-13
바질,강*일,20260811,,경기도 양평군,서울특별시 보건환경연구원 강남농수산물검사소,,,,테부코나졸,0.01 mg/kg 이하,0.11 mg/kg,2026.08.13,3000232573,,,,바질(잎),경기도,경기도 양평군,2026-08-13
로케트,황*찬,데이터없음,2026.8.13.(수거일자),경기도 김포시,서울특별시 보건환경연구원 강남농수산물검사소,,,,플루벤디아마이드,0.01 mg/kg 이하,0.18 mg/kg,2026.08.13,3000232597,,,,루꼴라,경기도,경기도 김포시,2026-08-13
쑥갓,홍*표,20260813,,충북 음성군,대전광역시 보건환경연구원 식의약연구부,,,,사이플루메토펜,0.01 이하,0.127,2026.08.14,3000232600,,,,쑥갓,충북,충북 음성군,2026-08-14
수정과,남*청,20260804,2026.08.18,경상남도 남해군,경상남도 보건환경연구원 식약품연구부,,,500ml,세균수,"n=5, c=1, m=100, M=1000","0, 360, 250, 15, 220",2026.08.14,3000232610,,20200613104,,혼합음료,경상남도,경상남도 남해군,2026-08-14
유기농 양배추환,빛가람생명농업공동체협동조합,데이터없음,2028.04.13,전남광주통합특별시 나주시,경상남도 보건환경연구원 식약품연구부,,8809279330601,100g,금속성이물,10.0미만 mg/kg,18.78 mg/kg,2026.08.14,3000232611,2010051202363,20100512023,,기타가공품,전남광주통합특별시,전남광주통합특별시 나주시,2026-08-14
된장콩잎,보물섬 해녀언니,20260805,제조일로부터 7일,경상남도 남해군,경상남도 보건환경연구원 식약품연구부,,,200g,대장균,"n=5, c=1, m=0, M=10","40, 35, 0, 60, 50",2026.08.14,3000232616,,20250941036,,절임식품,경상남도,경상남도 남해군,2026-08-14
고춧잎,유두호유*호,20260817,,유두호 부여군,,,,,디노테퓨란,0.01 mg/kg 이하(PLS),1.34 mg/kg,2026.08.18,3000232719,,,,고춧잎,유두호,유두호 부여군,2026-08-18
셀러리,권*철,데이터없음,20260818(의뢰일자),강원특별자치도 태백시,서울특별시 보건환경연구원 강남농수산물검사소,,,kg,디노테퓨란,0.01 mg/kg 이하,0.30 mg/kg,2026.08.18,3000232757,,,,셀러리,강원특별자치도,강원특별자치도 태백시,2026-08-18
엇갈이,이*옥,데이터없음,2025.8.18.(수거일자),경기도 양주시,서울특별시 보건환경연구원 강남농수산물검사소,,,,플루오피람,0.05 mg/kg 이하 (엇갈이배추),0.20 mg/kg,2026.08.18,3000232762,,,,엇갈이배추,경기도,경기도 양주시,2026-08-18
통로메인,김*람,데이터없음,2025.8.18.(수거일자),강원도 평창군,서울특별시 보건환경연구원 강남농수산물검사소,,,,클로로탈로닐,0.01 mg/kg 이하 (기준 규격 없음),7.58 mg/kg,2026.08.18,3000232769,,,,상추,강원도,강원도 평창군,2026-08-18
상추,안*봉,20260813,,충남 부여군,서울특별시 보건환경연구원 강남농수산물검사소,,,,뷰프로페진,0.01 mg/kg 이하,2.33 mg/kg,2026.08.18,3000232786,,,,상추,충남,충남 부여군,2026-08-18
무농약 양송이버섯,윤*순,20260818,,충청남도 보령시,경인청 농축수산물안전과,,2507281051977,,카벤다짐,0.7 이하,1.0,2026.08.19,3000232805,,,,양송이버섯,충청남도,충청남도 보령시,2026-08-19
깻잎(A-0818-4),윤*정,20260819,,전남광주통합특별시 곡성군,전남광주통합특별시 광주보건환경연구원 식품의약품연구부 서부농수산물검사소,,,,플루벤디아마이드,15 이하,24,2026.08.19,3000232808,,,,들깻잎,전남광주통합특별시,전남광주통합특별시 곡성군,2026-08-19
비름나물,문*서,20260813,,대전 중구,대전광역시 보건환경연구원 식의약연구부,,,4kg*1=4kg,피플루뷰마이드,0.01 이하,0.129,2026.08.19,3000232824,,,,비름나물,대전,대전 중구,2026-08-19
농어,수*수산,2026-08-10 00:00:00.0,,경상남도 거제시,경상남도 보건환경연구원 식약품연구부,,,,엔로플록사신과 시프로플록사신 합으로서,0.1 이하,0.6383,2026.08.20,3000232846,,,,농어,경상남도,경상남도 거제시,2026-08-20
S-1409 생땅콩,확인불가,2025,,충청남도 공주시,인천광역시 보건환경연구원 식약연구부 삼산농산물검사소,,,,"총 아플라톡신(B1, B2, G1, G2의 합)",15.0 이하,164.08,2026.08.20,3000232852,,,,땅콩,충청남도,충청남도 공주시,2026-08-20
고춧잎(A-0819-2),이*엽,20260819,,전남광주통합특별시 나주시,전남광주통합특별시 광주보건환경연구원 식품의약품연구부 서부농수산물검사소,,,,디노테퓨란,0.01 이하,0.23,2026.08.20,3000232869,,,,고춧잎,전남광주통합특별시,전남광주통합특별시 나주시,2026-08-20
고춧잎(A-0819-2),이*엽,20260819,,전남광주통합특별시 나주시,전남광주통합특별시 광주보건환경연구원 식품의약품연구부 서부농수산물검사소,,,,노발루론,0.01 이하,5.12,2026.08.20,3000232869,,,,고춧잎,전남광주통합특별시,전남광주통합특별시 나주시,2026-08-20
취나물,한*수,데이터없음,2025.8.20.(의뢰일자),충청남도 부여군,서울특별시 보건환경연구원 강남농수산물검사소,,,,이프로벤포스,0.01 mg/kg 이하 (기준 규격 없음),0.94 mg/kg,2026.08.20,3000232882,,,,취나물,충청남도,충청남도 부여군,2026-08-20
회화나무,(주)팜투팜2공장,데이터없음,2027.08.11,충청남도 천안시 동남구,세종특별자치시 보건환경연구원 식품연구과,,8809176313165,,소포리코사이드,80이상 120이하,154.320,2026.08.20,3000232894,20180003915113,20180003915,,회화나무열매추출물,충청남도,충청남도 천안시,2026-08-20
깻잎(관1607-5),김*옥,20260820,,경남 밀양시,울산광역시 보건환경연구원 보건연구부 농수산물검사소,,,,메타플루미존,5.0 이하,19.2400,2026.08.21,3000232911,,,,들깻잎,경남,경남 밀양시,2026-08-21
청경채,확인불가,20260813,,확인불가,대전광역시 보건환경연구원 식의약연구부,,,4kg*1=4kg,사이플루메토펜,0.01 이하,0.316,2026.08.21,3000232918,,,,청경채,확인불가,확인불가,2026-08-21
시금치,장*진,20260821,,경기 파주시,,,,,플루아지남,0.03 mg/kg 이하,1.31 mg/kg,2026.08.21,3000232937,,,,시금치,경기,경기 파주시,2026-08-21
청경채,박*하,20260818,,경기도 이천시,대전광역시 보건환경연구원 식의약연구부,,,,사이플루메토펜,0.01 mg/kg 이하,0.13 mg/kg,2026.08.21,3000232948,,,,청경채,경기도,경기도 이천시,2026-08-21
쑥갓,신*대,20260818,,경기도 이천시,대전광역시 보건환경연구원 식의약연구부,,,,다이아지논,0.01 mg/kg 이하,0.09 mg/kg,2026.08.21,3000232952,,,,쑥갓,경기도,경기도 이천시,2026-08-21
딜,조*숙,20260818,,경기도 광명시,서울특별시 보건환경연구원 강남농수산물검사소,,,,펜토에이트,0.01 mg/kg 이하,0.13 mg/kg,2026.08.24,3000233038,,,,서양자초(잎),경기도,경기도 광명시,2026-08-24
딜,조*숙,20260818,,경기도 광명시,서울특별시 보건환경연구원 강남농수산물검사소,,,,펜티오피라드,0.01 mg/kg 이하,0.18 mg/kg,2026.08.24,3000233038,,,,서양자초(잎),경기도,경기도 광명시,2026-08-24
딜,조*숙,20260818,,경기도 광명시,서울특별시 보건환경연구원 강남농수산물검사소,,,,다이아지논,0.01 mg/kg 이하,0.31 mg/kg,2026.08.24,3000233038,,,,서양자초(잎),경기도,경기도 광명시,2026-08-24
시금치,조*호,20260824,,경기도 용인시,서울특별시 보건환경연구원 강남농수산물검사소,,,,피플루뷰마이드,0.01 mg/kg 이하,0.30 mg/kg,2026.08.24,3000233046,,,,시금치,경기도,경기도 용인시,2026-08-24
고춧잎(A-0824-7),황*열,20260824,,전남광주통합특별시 나주시,전남광주통합특별시 광주보건환경연구원 식품의약품연구부 서부농수산물검사소,,,,플루오피람,0.1 이하,0.4,2026.08.25,3000233058,,,,고춧잎,전남광주통합특별시,전남광주통합특별시 나주시,2026-08-25
고춧잎(A-0824-7),황*열,20260824,,전남광주통합특별시 나주시,전남광주통합특별시 광주보건환경연구원 식품의약품연구부 서부농수산물검사소,,,,디노테퓨란,0.01 이하,2.33,2026.08.25,3000233058,,,,고춧잎,전남광주통합특별시,전남광주통합특별시 나주시,2026-08-25
쪽파,윤*석,20260824,,울산광역시 울주군,부산광역시 보건환경연구원,,,단,다이아지논,0.01 mg/kg 이하(PLS),0.06 mg/kg,2026.08.25,3000233069,,,,쪽파,울산광역시,울산광역시 울주군,2026-08-25
S-1515 쪽파,윤*학,20260825,,경기도 파주시,인천광역시 보건환경연구원 식약연구부 삼산농산물검사소,,,,포레이트,0.05 이하,0.498,2026.08.25,3000233070,,,,파,경기도,경기도 파주시,2026-08-25
미니단호박,박*미,20260824,,강원특별자치도 홍천군,강원특별자치도 보건환경연구원 식약품연구부 농산물검사과,,21000323381140150009,,프로파모카브,0.01 이하,0.1012,2026.08.25,3000233097,,,,단호박,강원특별자치도,강원특별자치도 홍천군,2026-08-25
오이,김*수,20260820,,대전 유성구,대전광역시 보건환경연구원 식의약연구부,,,,디클로르보스,0.1 mg/kg 이하,0.2 mg/kg,2026.08.25,3000233108,,,,오이,대전,대전 유성구,2026-08-25
상추,김*철,데이터없음,2025.8.25.(의뢰일자),전북특별자치도 남원시,서울특별시 보건환경연구원 강남농수산물검사소,,,,이프로발리카브,0.01 mg/kg 이하,0.86 mg/kg,2026.08.25,3000233113,,,,상추,전북특별자치도,전북특별자치도 남원시,2026-08-25
청상추,김*순,20260825,,전북특별자치도 남원시,전남광주통합특별시 광주보건환경연구원 식품의약품연구부 각화농산물검사소,,,,페니트로티온,0.01 mg/kg 이하(PLS 기준),0.74 mg/kg,2026.08.26,3000233120,,,,상추,전북특별자치도,전북특별자치도 남원시,2026-08-26
열무(N-0825-2),이*래,20260825,2026.08.25,전남광주통합특별시,전남광주통합특별시 광주보건환경연구원 식품의약품연구부 서부농수산물검사소,,,,피리다벤,0.01 이하,0.04,2026.08.26,3000233121,,,,열무,전남광주통합특별시,전남광주통합특별시,2026-08-26
얼갈이,선*희,20260824,,전남광주통합특별시 나주시,전남광주통합특별시 광주보건환경연구원 식품의약품연구부 각화농산물검사소,,,,에마멕틴 벤조에이트,0.05 mg/kg 이하(엇갈이배추 기준),0.14 mg/kg,2026.08.26,3000233131,,,,엇갈이배추,전남광주통합특별시,전남광주통합특별시 나주시,2026-08-26
자두,최*근,20260825,2026.08.25,경북 영천시,경기도 경기도보건환경연구원,,,1상자(5kg),플루퀸코나졸,0.01 mg/kg 이하,0.06 mg/kg,2026.08.26,3000233152,,,,자두,경북,경북 영천시,2026-08-26
청경채,농업회사법인 하*농원주식회사,20260825,,경북 문경시,경인청 농축수산물안전과,,8809810530293,,카벤다짐,0.01 이하,0.34,2026.08.26,3000233165,,,,청경채,경북,경북 문경시,2026-08-26
취나물,박*현,20260826,,경상북도 성주군,대구광역시 보건환경연구원 식의약연구부,,,,티아클로프리드,0.01 이하,0.10 mg/kg,2026.08.27,3000233178,,,,취나물,경상북도,경상북도 성주군,2026-08-27
레디쉬방울무,이*석,20260822,,경기도 포천시,경기도 경기도보건환경연구원,,02002110318,300 g,메타플루미존,0.05 mg/kg,0.11 mg/kg,2026.08.27,3000233201,,20230465011,,무(뿌리),경기도,경기도 포천시,2026-08-27
미나리(SG-0825-3),하*균,20260826,,경상북도 청도군,전남광주통합특별시 광주보건환경연구원 식품의약품연구부 서부농수산물검사소,,,,프로사이미돈,0.15 이하,0.97,2026.08.27,3000233208,,,,미나리,경상북도,경상북도 청도군,2026-08-27
깻잎,이*우,20260825,,충북 옥천군,대전광역시 보건환경연구원 식의약연구부,,,,페림존,0.01 이하,0.178,2026.08.27,3000233217,,,,들깻잎,충북,충북 옥천군,2026-08-27
고춧잎,김*순,20260827,,충남 당진시,,,,,테부코나졸,5.0 mg/kg 이하,11.1 mg/kg,2026.08.28,3000233528,,,,고춧잎,충남,충남 당진시,2026-08-28
보우짱밤호박,김*춘,20260827,,전남광주통합특별시 함평군,전남광주통합특별시 광주보건환경연구원 식품의약품연구부 각화농산물검사소,,,,프로사이미돈,0.05 mg/kg 이하(박과과채류 기준),0.10 mg/kg,2026.08.28,3000233590,,,,단호박,전남광주통합특별시,전남광주통합특별시 함평군,2026-08-28
사골육수(국내산),굿모닝 축산,20260826,2027.08.25,전북특별자치도 전주시 완산구,전북특별자치도 동물위생시험소 축산식품검사과,,,,대장균,"n=5, c=1, m=0, M=10","0, 265, 0, 0, 0",2026.08.28,3000233593,,20150478864,,식육추출가공품,전북특별자치도,전북특별자치도 전주시,2026-08-28
하먼 딸기 요구르트,안터원목장,20260826,2026.09.09,전북특별자치도 남원시,전북특별자치도 동물위생시험소 축산식품검사과,,,,대장균군,"n=5, c=2, m=0, M=10","405,695,435,365,545",2026.08.31,3000233681,2007047600521,20070476005,,농후발효유,전북특별자치도,전북특별자치도 남원시,2026-08-31
취나물,이*자,20260831,2026.08.31,충남 부여군,서울특별시 보건환경연구원 강남농수산물검사소,,,,피리다벤,0.01 mg/kg 이하,0.26 mg/kg,2026.08.31,3000233690,,,,취나물,충남,충남 부여군,2026-08-31
쌈배추,김*진,20260828,,경상남도 합천군,대구광역시 보건환경연구원 식의약연구부,,,,에마멕틴 벤조에이트,0.05 mg/kg 이하,0.17 mg/kg,2026.09.01,3000233700,,,,쌈배추,경상남도,경상남도 합천군,2026-09-01
쌈배추,김*진,20260828,,경상남도 합천군,대구광역시 보건환경연구원 식의약연구부,,,,디니코나졸,0.3 mg/kg 이하,0.6 mg/kg,2026.09.01,3000233700,,,,쌈배추,경상남도,경상남도 합천군,2026-09-01
목이버섯,(유)태림에스엠,데이터없음,"포장일자: 2026.1.14, 소비기한: 포장일로부터 2년",서울특별시 송파구,경인청 유해물질분석과,,8809260234659,1kg,카벤다짐,0.01 mg/kg,0.24 mg/kg,2026.09.01,3000233730,,20010114979,,목이버섯,서울특별시,서울특별시 송파구,2026-09-01
로케트,박*근,20260901,2026.09.01,경기 이천시,서울특별시 보건환경연구원 강남농수산물검사소,,,,메타플루미존,3.0 mg/kg 이하,14.6 mg/kg,2026.09.01,3000233744,,,,루꼴라,경기,경기 이천시,2026-09-01
목장애 요거트,청춘목장,20260824,2026.09.14,전북특별자치도 김제시,전북특별자치도 동물위생시험소 축산식품검사과,,,,대장균군,"n=5, c=2, m=0, M=10","15,355,15,5,460",2026.09.01,3000233752,201704760121,20170476012,,발효유,전북특별자치도,전북특별자치도 김제시,2026-09-01
고들빼기(2026-전주덕진-950),이*복,20260901,,전북특별자치도 완주군,전북특별자치도 보건환경연구원,,,,포레이트옥손설폭사이드,0.01 mg/kg 이하,0.08 mg/kg,2026.09.02,3000233772,,,,고들빼기,전북특별자치도,전북특별자치도 완주군,2026-09-02
꽃상추,박*영,20260901,,충청북도 충주시,대구광역시 보건환경연구원 식의약연구부,,,,포레이트,0.01 mg/kg 이하,0.04 mg/kg,2026.09.02,3000233783,,,,상추,충청북도,충청북도 충주시,2026-09-02
통뼈감자탕칼칼한맛,(주)명가,20260826,2027.08.25,경상남도 밀양시,경상남도 동물위생시험소 축산물위생과,,,,대장균군,"n=5,c=1,m=0, M=10","68,80,55,45,35",2026.09.02,3000233798,2013061121515,20130611215,,식육추출가공품,경상남도,경상남도 밀양시,2026-09-02
의정부 부대찌개,뉴푸드(주),데이터없음,2026.08.30,경상남도 창녕군,대구광역시 보건환경연구원 식의약연구부,,8809142023814,"1,270g",대장균,"n=5, c=1, m=0, M=10","3500, 25, 2100, 70, 5300",2026.09.02,3000233815,20020618178147,20020618178,,간편조리세트,경상남도,경상남도 창녕군,2026-09-02
당근,생산자 특정불가,데이터없음,20260902(의뢰일자),확인불가,서울특별시 보건환경연구원 강남농수산물검사소,,,,메트코나졸,0.05 mg/kg,0.08 mg/kg,2026.09.02,3000233828,,,,당근,확인불가,확인불가,2026-09-02
당근,생산자 특정불가,데이터없음,20260902(의뢰일자),확인불가,서울특별시 보건환경연구원 강남농수산물검사소,,,,포스티아제이트,0.2 mg/kg,0.4 mg/kg,2026.09.02,3000233828,,,,당근,확인불가,확인불가,2026-09-02
고수,홍*진,20260902,2026.09.02,경기 포천시,서울특별시 보건환경연구원 강남농수산물검사소,,,,플루디옥소닐,0.01 mg/kg 이하,0.31 mg/kg,2026.09.02,3000233841,,,,고수(잎),경기,경기 포천시,2026-09-02
고춧잎(LOCAL-0902-6),송*덕,20260902,2026.09.02,전남광주통합특별시 나주시,전남광주통합특별시 광주보건환경연구원 식품의약품연구부 서부농수산물검사소,,,,피리다벤,2.0 이하,6.1,2026.09.03,3000233865,,,,고춧잎,전남광주통합특별시,전남광주통합특별시 나주시,2026-09-03
얼갈이,성*모,20260903,,경기 안성시,,,,,사이플루메토펜,0.01 mg/kg 이하(PLS),0.04 mg/kg,2026.09.04,3000233892,,,,엇갈이배추,경기,경기 안성시,2026-09-04
치커리,권현*,20260903,,경기도 포천시,경기도 경기도보건환경연구원,,,box(2kg),리뉴론,0.01 mg/kg,1.90 mg/kg,2026.09.04,3000233896,,,,치커리(잎),경기도,경기도 포천시,2026-09-04
치커리,권현*,20260903,,경기도 포천시,경기도 경기도보건환경연구원,,,box(2kg),카벤다짐,0.01 mg/kg,0.04 mg/kg,2026.09.04,3000233896,,,,치커리(잎),경기도,경기도 포천시,2026-09-04
고추잎,김*순,20260903,,전남광주통합특별시 장성군,전남광주통합특별시 광주보건환경연구원 식품의약품연구부 각화농산물검사소,,,,디페노코나졸,0.01 mg/kg 이하(PLS),5.16 mg/kg,2026.09.04,3000233907,,,,고춧잎,전남광주통합특별시,전남광주통합특별시 장성군,2026-09-04
고구마줄기(N-0903-4),조*권,20260903,2026.09.03,전남광주통합특별시 광산구,전남광주통합특별시 광주보건환경연구원 식품의약품연구부 서부농수산물검사소,,,,카벤다짐,0.05 이하,0.12,2026.09.04,3000233913,,,,고구마줄기,전남광주통합특별시,전남광주통합특별시 광산구,2026-09-04
고춧잎(A-0903-9),고*석,20260903,2026.09.03,전남광주통합특별시 남구,전남광주통합특별시 광주보건환경연구원 식품의약품연구부 서부농수산물검사소,,,,클로로탈로닐,0.01 이하,0.5,2026.09.04,3000233943,,,,고춧잎,전남광주통합특별시,전남광주통합특별시 남구,2026-09-04
깻잎,김*숙,20260903,,전남광주통합특별시 장성군,전남광주통합특별시 광주보건환경연구원 식품의약품연구부 각화농산물검사소,,,,프로파닐,0.01 mg/kg 이하(PLS),0.03 mg/kg,2026.09.04,3000233947,,,,들깻잎,전남광주통합특별시,전남광주통합특별시 장성군,2026-09-04
깻잎,김*숙,20260903,,전남광주통합특별시 장성군,전남광주통합특별시 광주보건환경연구원 식품의약품연구부 각화농산물검사소,,,,트리사이클라졸,0.01 mg/kg 이하(PLS),0.36 mg/kg,2026.09.04,3000233947,,,,들깻잎,전남광주통합특별시,전남광주통합특별시 장성군,2026-09-04
배추,서*원,20260907,,강원 정선군,,,,,파목사돈,0.3 mg/kg 이하,2.1 mg/kg,2026.09.07,3000234069,,,,배추,강원,강원 정선군,2026-09-07
배추,서*원,20260907,,강원 정선군,,,,,디니코나졸,0.1 mg/kg 이하,0.4 mg/kg,2026.09.07,3000234069,,,,배추,강원,강원 정선군,2026-09-07
배추,서*원,20260907,,강원 정선군,,,,,티아클로프리드,0.3 mg/kg 이하,0.7 mg/kg,2026.09.07,3000234069,,,,배추,강원,강원 정선군,2026-09-07
오이,허*봉,20260907,2026.09.07,강원도 홍천군,서울특별시 보건환경연구원 강남농수산물검사소,,,,메토밀,0.01 mg/kg 이하,0.06 mg/kg,2026.09.07,3000234094,,,,오이,강원도,강원도 홍천군,2026-09-07
고춧잎,이*란,20260907,,충남 당진시,,,,,테부코나졸,5.0 mg/kg 이하,12.5 mg/kg 이하,2026.09.08,3000234098,,,,고춧잎,충남,충남 당진시,2026-09-08
고춧잎,이*란,20260907,,충남 당진시,,,,,플루벤디아마이드,0.01 mg/kg 이하(PLS),6.54 mg/kg 이하,2026.09.08,3000234098,,,,고춧잎,충남,충남 당진시,2026-09-08
우엉잎,석*희,20260907,,경상북도 칠곡군,대구광역시 보건환경연구원 식의약연구부,,,,아족시스트로빈,3.0 mg/kg 이하,4.0 mg/kg,2026.09.08,3000234109,,,,우엉(잎),경상북도,경상북도 칠곡군,2026-09-08
우엉잎,석*희,20260907,,경상북도 칠곡군,대구광역시 보건환경연구원 식의약연구부,,,,플루오피람,0.3 mg/kg 이하,1.3 mg/kg,2026.09.08,3000234109,,,,우엉(잎),경상북도,경상북도 칠곡군,2026-09-08
우엉잎,석*희,20260907,,경상북도 칠곡군,대구광역시 보건환경연구원 식의약연구부,,,,아이소피라잠,0.01 mg/kg 이하,0.44 mg/kg,2026.09.08,3000234109,,,,우엉(잎),경상북도,경상북도 칠곡군,2026-09-08
봄동(AD),김*호,20260831,,경상북도 영덕군,대구광역시 보건환경연구원 식의약연구부,,,,디니코나졸,0.3 mg/kg 이하,0.7 mg/kg,2026.09.08,3000234119,,,,봄동,경상북도,경상북도 영덕군,2026-09-08
제주 천혜향 아직도 까서 먹니,농업회사법인 (주)제주향,데이터없음,2028.07.15,제주특별자치도 서귀포시,경기도 경기도보건환경연구원 북부지원,,8809429114150,120ml,세균수,"n=5, c=1, m=100, M=1000","460, 470, 510, 400, 400",2026.09.08,3000234126,2015063158336,20150631583,,과.채주스,제주특별자치도,제주특별자치도 서귀포시,2026-09-08
맛난 연천콩 두부,콩이랑 베리랑,데이터없음,2026.09.11,경기도 연천군,경기도 경기도보건환경연구원 북부지원,,,500g,대장균군,"n=5, c=1, m=0, M=10","5, 50, 0, 5, 90",2026.09.08,3000234142,2014037608127,20140376081,,두부,경기도,경기도 연천군,2026-09-08
배추(강북유잔09-08-06),노*하,20260908,,강원 태백시,서울특별시 보건환경연구원 강북농수산물검사소,,,,메트코나졸,0.3 mg/kg 이하,1.0,2026.09.08,3000234161,,20260062506,,배추,강원,강원 태백시,2026-09-08
쑥갓,박*붕,데이터없음,2026.9.8.(수거일자),경기도 포천시,서울특별시 보건환경연구원 강남농수산물검사소,,,,다이아지논,0.01 mg/kg 이하 (기준 규격 없음),1.55 mg/kg,2026.09.08,3000234172,,,,쑥갓,경기도,경기도 포천시,2026-09-08
당귀,왕*엔,20260907,,강원특별자치도 평창군,전남광주통합특별시 광주보건환경연구원 식품의약품연구부 각화농산물검사소,,,,플루벤디아마이드,0.01 mg/kg 이하(PLS 기준),0.16 mg/kg,2026.09.09,3000234187,,,,당귀(잎),강원특별자치도,강원특별자치도 평창군,2026-09-09
당귀,왕*엔,20260907,,강원특별자치도 평창군,전남광주통합특별시 광주보건환경연구원 식품의약품연구부 각화농산물검사소,,,,펜디메탈린,0.01 mg/kg 이하(PLS 기준),0.26 mg/kg,2026.09.09,3000234187,,,,당귀(잎),강원특별자치도,강원특별자치도 평창군,2026-09-09
돈앞다리살,금천외양간,20260901,2026.09.06,서울특별시 금천구,서울특별시 보건환경연구원 동물위생시험소,,2031040043526,,플로르페니콜,0.3 mg/kg 이하,0.628 mg/kg,2026.09.09,3000234211,,20150084206,,돼지근육,서울특별시,서울특별시 금천구,2026-09-09
백목이버섯,성민통상 주식회사,데이터없음,"포장일자: 2026.4.2, 소비기한: 포장일로부터 24개월",경기도 안산시 상록구,광주청 유해물질분석과,,8809460180084,1kg,아세타미프리드,0.01 이하,0.05,2026.09.09,3000234234,,20230023177,,목이버섯,경기도,경기도 안산시,2026-09-09
목이버섯,(주)태양무역,데이터없음,"포장일자: 2026.5.26, 소비기한: 포장일로부터 2년",서울특별시 구로구,광주청 유해물질분석과,,2001870250005,1kg,카벤다짐,0.01 이하,0.17,2026.09.09,3000234237,,20200005547,,목이버섯,서울특별시,서울특별시 구로구,2026-09-09
미나리,농업회사 법인 케*엠,데이터없음,2026.9.9.(수거일자),경북 청도군,서울특별시 보건환경연구원 강남농수산물검사소,,,,플루트리아폴,0.01 mg/kg 이하 (기준 규격 없음),0.08 mg/kg,2026.09.09,3000234252,,,,미나리,경북,경북 청도군,2026-09-09
당근(강북유잔09-09-02),최*환,20260909,,강원도 강릉시,서울특별시 보건환경연구원 강북농수산물검사소,,,,메트코나졸,0.05 mg/kg 이하,0.16 mg/kg,2026.09.09,3000234276,,,,당근,강원도,강원도 강릉시,2026-09-09
전어,보*수산,20260907,2026.09.07,전남광주통합특별시 동구,전남광주통합특별시 광주보건환경연구원 식품의약품연구부 식품미생물과,,,,장염비브리오,g당 100이하,230,2026.09.10,3000234310,,,,수산물,전남광주통합특별시,전남광주통합특별시 동구,2026-09-10
고춧잎,이*윤,20260908,2026.09.08,전남광주통합특별시 고흥군,전남광주통합특별시 전남보건환경연구원 동부지원 농산물검사소,,,,카벤다짐,0.01 이하,9.52,2026.09.10,3000234327,,,,고춧잎,전남광주통합특별시,전남광주통합특별시 고흥군,2026-09-10
고춧잎,이*윤,20260908,2026.09.08,전남광주통합특별시 고흥군,전남광주통합특별시 전남보건환경연구원 동부지원 농산물검사소,,,,피플루뷰마이드,0.01 이하,0.03,2026.09.10,3000234327,,,,고춧잎,전남광주통합특별시,전남광주통합특별시 고흥군,2026-09-10
고춧잎,이*윤,20260908,2026.09.08,전남광주통합특별시 고흥군,전남광주통합특별시 전남보건환경연구원 동부지원 농산물검사소,,,,플루벤디아마이드,0.01 이하,0.29,2026.09.10,3000234327,,,,고춧잎,전남광주통합특별시,전남광주통합특별시 고흥군,2026-09-10
쑥갓,전*진,데이터없음,260910(의뢰일자),경기도 포천시,서울특별시 보건환경연구원 강남농수산물검사소,,,kg,메트코나졸,3.0 mg/kg 이하,11.8 mg/kg,2026.09.10,3000234365,,,,쑥갓,경기도,경기도 포천시,2026-09-10
취나물,김*옥,데이터없음,2026.9.10.(수거일자),충청남도 부여군,서울특별시 보건환경연구원 강남농수산물검사소,,,,페노뷰카브,0.01 mg/kg 이하 (기준 규격 없음),0.16 mg/kg,2026.09.10,3000234369,,,,취나물,충청남도,충청남도 부여군,2026-09-10
취나물,김*옥,데이터없음,2026.9.10.(수거일자),충청남도 부여군,서울특별시 보건환경연구원 강남농수산물검사소,,,,피리다벤,0.01 mg/kg 이하 (기준 규격 없음),0.29 mg/kg,2026.09.10,3000234369,,,,취나물,충청남도,충청남도 부여군,2026-09-10
S-1634 밤호박,김*례,20260910,,전남 함평군,인천광역시 보건환경연구원 식약연구부 삼산농산물검사소,,,,프로사이미돈,0.05 이하,0.2218,2026.09.11,3000234394,,,,단호박,전남,전남 함평군,2026-09-11
참나물,김*식,20260825,,경기도 구리시,서울특별시 보건환경연구원 강남농수산물검사소,,,,페니트로티온,0.01 mg/kg 이하,0.11 mg/kg,2026.09.11,3000234417,,,,참나물,경기도,경기도 구리시,2026-09-11
S-1640 쑥갓,길*신,20260911,,경기도 이천시,인천광역시 보건환경연구원 식약연구부 삼산농산물검사소,,,,다이아지논,0.01 이하,0.258,2026.09.11,3000234432,,,,쑥갓,경기도,경기도 이천시,2026-09-11
고추잎,염*규,20260910,2026.09.11,충청남도 홍성군,경기도 경기도보건환경연구원,,,1봉지(2kg),플루아지남,0.01 mg/kg 이하,1.57,2026.09.11,3000234441,,,,고춧잎,충청남도,충청남도 홍성군,2026-09-11
고추잎,염*규,20260910,2026.09.11,충청남도 홍성군,경기도 경기도보건환경연구원,,,1봉지(2kg),카벤다짐,0.01 mg/kg 이하,3.00,2026.09.11,3000234441,,,,고춧잎,충청남도,충청남도 홍성군,2026-09-11
곡성9-17(참나물),정*순,20260908,,전북특별자치도 완주군,전남광주통합특별시 전남보건환경연구원 동부지원 농산물검사소,,,,플루오피람,0.2 이하,0.3,2026.09.11,3000234448,,,,참나물,전북특별자치도,전북특별자치도 완주군,2026-09-11
곡성9-17(참나물),정*순,20260908,,전북특별자치도 완주군,전남광주통합특별시 전남보건환경연구원 동부지원 농산물검사소,,,,카벤다짐,2.0 이하,16.4,2026.09.11,3000234448,,,,참나물,전북특별자치도,전북특별자치도 완주군,2026-09-11
곡성9-21(꽈리고추),김*승,20260908,,강원특별자치도 평창군,전남광주통합특별시 전남보건환경연구원 동부지원 농산물검사소,,,,리뉴론,0.01 이하,0.04,2026.09.11,3000234457,,,,고추,강원특별자치도,강원특별자치도 평창군,2026-09-11
진도9-12(취나물),홍*록,20260908,,전남광주통합특별시 나주시,전남광주통합특별시 전남보건환경연구원 동부지원 농산물검사소,,,,아이소프로티올레인,0.01 이하,0.10,2026.09.11,3000234460,,,,취나물,전남광주통합특별시,전남광주통합특별시 나주시,2026-09-11
진도9-14(얼갈이),남*길,20260908,,전남광주통합특별시 나주시,전남광주통합특별시 전남보건환경연구원 동부지원 농산물검사소,,,,에마멕틴 벤조에이트,0.05 이하,0.06,2026.09.11,3000234463,,,,엇갈이배추,전남광주통합특별시,전남광주통합특별시 나주시,2026-09-11
