PRCSCITYPOINT_BSSHNM,INDUTY_CD_NM,LCNS_NO,DSPS_DCSNDT,DSPS_BGNDT,DSPS_ENDDT,DSPS_TYPECD_NM,VILTCN,ADDR,TELNO,PRSDNT_NM,DSPSCN,LAWORD_CD_NM,PUBLIC_DT,LAST_UPDT_DTM,DSPS_INSTTCD_NM,DSPSDTLS_SEQ,sido,sigungu,disposition_decision_date,haccp_record_count,haccp_certification_count,product_type_count,company_name,industry,haccp_sido,haccp_sigungu
이뮨베이커리 카페,식품제조가공업,20210386454,20241010,20241010,-,영업허가·등록취소,(20240821)영업시설의 전부를 철거한 경우,경기도 화성시 동탄구,,,영업허가ㆍ등록취소,식품위생법 제36조(시설기준),2026-10-09 00:00:00.0,2026-03-13 15:40:29.042,경기도 화성시,4624927,경기도,경기도 화성시,2024-10-10,1,1,1,이뮨베이커리 카페,식품제조가공업,경기도,경기도 화성시
주식회사 소풍,식품제조가공업,20140461458,20241016,20241017,-,영업소폐쇄,(20240610)영업시설의 전부를 철거한 경우,충청남도 아산시,,,영업소폐쇄,식품위생법 제75조(허가취소 등) 3항,2026-10-15 00:00:00.0,2024-10-18 11:44:51.308,충청남도 아산시,4633060,충청남도,충청남도 아산시,2024-10-16,1,1,1,주식회사 소풍,식품제조가공업,충청남도,충청남도 아산시
(주)한일식품,식품제조가공업,20090445027,20241205,20241205,-,영업허가·등록취소,(20241022)영업시설물 전부 멸실,충청북도 음성군,,,영업허가ㆍ등록취소,식품위생법 제36조(시설기준),2026-12-04 00:00:00.0,2025-09-18 20:40:25.071,충청북도 음성군,4685656,충청북도,충청북도 음성군,2024-12-05,3,3,2,(주)한일식품,식품제조가공업,충청북도,충청북도 음성군
주식회사 다올,식품제조가공업,20220503185,20241219,20250103,-,영업허가·등록취소,(20240228)영업시설 전부를 철거,경기도 김포시,,,영업등록취소(25.1.3),식품위생법 제36조(시설기준),2026-12-18 00:00:00.0,2024-12-20 18:41:24.205,경기도 김포시,4645364,경기도,경기도 김포시,2024-12-19,1,1,1,주식회사 다올,식품제조가공업,경기도,경기도 김포시
(주)에코네이처,식품제조가공업,20170443021,20241223,20241223,-,영업허가·등록취소,(20240725)시설물 철거 등 미운영 후 변경신고를 하지 아니한 경우,충청북도 진천군,,,영업허가ㆍ등록취소,식품위생법 제37조(영업허가 등),2026-12-22 00:00:00.0,2024-12-31 20:41:15.994,충청북도 진천군,4646835,충청북도,충청북도 진천군,2024-12-23,4,4,4,(주)에코네이처,식품제조가공업,충청북도,충청북도 진천군
농업회사법인(주)그린푸드,식품제조가공업,20220619023,20250115,20250115,-,영업허가·등록취소,(20241022)영업시설물 전부 멸실,충청북도 음성군,,,영업허가ㆍ등록취소,식품위생법 제37조(영업허가 등),2027-01-14 00:00:00.0,2025-01-16 19:41:46.576,충청북도 음성군,4649570,충청북도,충청북도 음성군,2025-01-15,1,1,1,농업회사법인(주)그린푸드,식품제조가공업,충청북도,충청북도 음성군
주식회사 바다원 제2음성공장,식품제조가공업,20050347173,20250115,20250115,-,영업허가·등록취소,(20240930)영업시설물 전부 멸실,충청북도 음성군,,,영업허가ㆍ등록취소,식품위생법 제37조(영업허가 등),2027-01-14 00:00:00.0,2025-01-16 20:41:24.413,충청북도 음성군,4649587,충청북도,충청북도 음성군,2025-01-15,4,2,1,주식회사 청해진수산,식품제조가공업,경기도,경기도 용인시
농업회사법인 주식회사 해마루,식품제조가공업,20180452148,20250115,20250115,-,영업허가·등록취소,(20241022)영업시설물 전부 멸실,충청북도 음성군,,,영업허가ㆍ등록취소,식품위생법 제37조(영업허가 등),2027-01-14 00:00:00.0,2025-01-16 19:41:46.576,충청북도 음성군,4649571,충청북도,충청북도 음성군,2025-01-15,1,1,1,농업회사법인 주식회사 해마루,식품제조가공업,충청북도,충청북도 음성군
주식회사 비에스에프앤씨,식품제조가공업,20190363152,20250204,20250204,-,영업허가·등록취소,"(20230508)병을 일으키는 미생물에 오염되었거나 그러할 염려가 있어 인체의 건강을 해칠 우려가 있는 식품 판매
(성남시 수정구 소재 집단급식소에서 식중독 집단발생 관련하여 식중독 최종 역학조사 결과 추정원인 병원체는 클로스트리듐 퍼프린젠스이며, 상가업체에서 점심으로 제공(판매)된 도시락에서 식중독 원인으로 확정됨)",경기도 용인시 기흥구,,,영업허가ㆍ등록취소,식품위생법 제4조(위해식품등의 판매 등 금지),2027-02-03 00:00:00.0,2025-02-07 20:41:35.382,경기도 용인시,4651828,경기도,경기도 용인시,2025-02-04,1,1,1,주식회사 비에스에프앤씨,식품제조가공업,경기도,경기도 용인시
어업회사법인 주식회사 새롬물산,식품제조가공업,20190077542,20250225,20250225,-,영업허가·등록취소,(20250206)시설물 멸실,서울특별시 강서구,,,영업허가ㆍ등록취소,식품위생법 제36조(시설기준),2027-02-24 00:00:00.0,2025-02-26 16:53:16.133,서울특별시 강서구,4651910,서울특별시,서울특별시 강서구,2025-02-25,2,2,2,어업회사법인 주식회사 새롬물산,식품제조가공업,서울특별시,서울특별시 강서구
브라더푸드,식품제조가공업,20210464333,20250318,20250318,-,영업허가·등록취소,(20241220)영업장 시설물 전부를 철거함,충청남도 공주시,,,영업허가ㆍ등록취소,식품위생법 제36조(시설기준),2027-03-17 00:00:00.0,2025-03-19 17:51:54.932,충청남도 공주시,4656272,충청남도,충청남도 공주시,2025-03-18,1,1,1,브라더푸드,식품제조가공업,충청남도,충청남도 공주시
(주)화란수,식품제조가공업,20130459094,20250508,20250508,-,영업허가·등록취소,(20250327)영업시설의 전부를 철거,충청남도 보령시,,,영업등록취소,식품위생법 제36조(시설기준),2027-05-07 00:00:00.0,2025-05-09 20:41:52.326,충청남도 보령시,4663841,충청남도,충청남도 보령시,2025-05-08,2,2,1,(주)화란수,식품제조가공업,충청남도,충청남도 보령시
주식회사 버거식품,식품제조가공업,20210206340,20250509,20250509,-,영업허가·등록취소,(20241209)영업시설물 전부 철거,인천광역시 부평구,,,영업등록취소,식품위생법 제36조(시설기준),2027-05-08 00:00:00.0,2026-07-01 00:55:46.815,인천광역시 부평구,4668655,인천광역시,인천광역시 부평구,2025-05-09,1,1,1,주식회사 버거식품,식품제조가공업,인천광역시,인천광역시 부평구
다원푸드,식품제조가공업,20240554840,20250609,20250609,-,영업허가·등록취소,(20250326)시설물 멸실,경기도 김포시,,,영업허가ㆍ등록취소,식품위생법 제75조(허가취소 등) 3항,2027-06-08 00:00:00.0,2025-06-10 16:42:14.757,경기도 김포시,4667673,경기도,경기도 김포시,2025-06-09,1,1,1,다원푸드,식품제조가공업,경기도,경기도 김포시
(주)동선,식품제조가공업,19990275048,20250609,20250609,-,영업허가·등록취소,(20250314)영업시설의 전부를 철거(시설물 멸실),경기도 광주시,,,영업허가ㆍ등록취소,식품위생법 제36조(시설기준),2027-06-08 00:00:00.0,2025-06-10 19:42:03.353,경기도 광주시,4660834,경기도,경기도 광주시,2025-06-09,8,4,4,(주)동선,식품제조가공업,경기도,경기도 광주시
(주)에스피팩토리,식품제조가공업,20140347052,20250609,20250609,-,영업허가·등록취소,(20250221)타업소 운영중,경기도 용인시 기흥구,,,영업허가ㆍ등록취소,식품위생법 제36조(시설기준),2027-06-08 00:00:00.0,2025-06-26 17:42:11.494,경기도 용인시,4670606,경기도,경기도 용인시,2025-06-09,1,1,1,(주)에스피팩토리,식품제조가공업,경기도,경기도 용인시
힐링숨농장 영농조합법인,식품제조가공업,20090566029,20250616,20250611,-,영업소폐쇄,(20250514)영업소 폐쇄,경상북도 영덕군,,,영업소폐쇄,식품위생법 제75조(허가취소 등) 3항,2027-06-15 00:00:00.0,2025-12-07 18:40:42.137,경상북도 영덕군,4698755,경상북도,경상북도 영덕군,2025-06-16,1,1,1,힐링숨농장 영농조합법인,식품제조가공업,경상북도,경상북도 영덕군
주식회사 러빙네이쳐,식품제조가공업,20230512676,20250925,20251027,-,영업허가·등록취소,(20250821)시설물 멸실,경기도 김포시,,,영업허가ㆍ등록취소,식품위생법 제36조(시설기준),2027-09-24 00:00:00.0,2025-10-28 21:40:47.338,경기도 김포시,4692001,경기도,경기도 김포시,2025-09-25,1,1,1,주식회사 러빙네이쳐,식품제조가공업,경기도,경기도 김포시
왕후쌀빵나라,식품제조가공업,20230902026,20251107,20251107,-,영업허가·등록취소,(20250807)영업장 내 시설물 전부 철거,경상남도 합천군,,,영업허가ㆍ등록취소,식품위생법 제36조(시설기준),2027-11-06 00:00:00.0,2025-11-07 21:40:52.851,경상남도 합천군,4683711,경상남도,경상남도 합천군,2025-11-07,1,1,1,왕후쌀빵나라,식품제조가공업,경상남도,경상남도 합천군
(주)원베이커리,식품제조가공업,20190156665,20251120,20251120,-,영업허가·등록취소,(20251021)정당한사유없이6개월이상휴업한경우,부산광역시 기장군,,,영업허가ㆍ등록취소,식품위생법 제75조(허가취소 등) 3항,2027-11-19 00:00:00.0,2025-11-21 19:40:38.834,부산광역시 기장군,4695954,부산광역시,부산광역시 기장군,2025-11-20,2,2,2,(주)원베이커리,식품제조가공업,부산광역시,부산광역시 기장군
구두미영농조합법인,식품제조가공업,20130631196,20251126,20251126,-,영업허가·등록취소,"(20250827)○ 영업자가 정당한 사유없이 6개월 이상 계속 휴업
  - 위반(적발) 기간: 2025. 2. 25. ~ 8. 27.",제주특별자치도 서귀포시,,,영업 등록취소,식품위생법 제75조(허가취소 등) 3항,2027-11-25 00:00:00.0,2026-01-10 12:40:42.911,제주특별자치도 서귀포시,4686322,제주특별자치도,제주특별자치도 서귀포시,2025-11-26,1,1,1,구두미영농조합법인,식품제조가공업,제주특별자치도,제주특별자치도 서귀포시
(유)이엠푸드,식품제조가공업,20180491515,20251201,20251201,-,영업허가·등록취소,(20250819)정당한 사유 없이 6개월 이상 휴업,전북특별자치도 익산시,,,영업허가ㆍ등록취소,식품위생법 제75조(허가취소 등) 3항,2027-11-30 00:00:00.0,2025-11-18 17:41:15.489,전북특별자치도 익산시,4695219,전북특별자치도,전북특별자치도 익산시,2025-12-01,1,1,1,(유)이엠푸드,식품제조가공업,전북특별자치도,전북특별자치도 익산시
농업회사법인(주)그린농장,식품제조가공업,20190491301,20251201,20251201,-,영업허가·등록취소,(20250819)정당한 사유 없이 6개월 이상 휴업,전북특별자치도 익산시,,,영업허가ㆍ등록취소,식품위생법 제75조(허가취소 등) 3항,2027-11-30 00:00:00.0,2025-11-18 17:41:15.489,전북특별자치도 익산시,4695233,전북특별자치도,전북특별자치도 익산시,2025-12-01,4,4,4,농업회사법인(주)그린농장,식품제조가공업,전북특별자치도,전북특별자치도 익산시
주식회사원더랜드인터내셔날,식품제조가공업,20220204045,20251204,20251204,-,영업소폐쇄,(20251112)영업시설물 전부 철거,대구광역시 중구,,,영업소폐쇄,식품위생법 제36조(시설기준),2027-12-03 00:00:00.0,2025-12-16 12:41:36.468,대구광역시 중구,4699981,대구광역시,대구광역시 중구,2025-12-04,2,2,2,주식회사원더랜드인터내셔날,식품제조가공업,대구광역시,대구광역시 중구
(주)코놀,식품제조가공업,20190501043,20251209,20251209,-,영업허가·등록취소,(20251106)영업장 전부 철거(영업장 멸실),전북특별자치도 장수군,,,영업허가ㆍ등록취소,식품위생법 제75조(허가취소 등) 3항,2027-12-08 00:00:00.0,2026-07-01 00:55:46.815,전북특별자치도 장수군,4699003,전북특별자치도,전북특별자치도 장수군,2025-12-09,4,4,3,(주)코놀,식품제조가공업,전북특별자치도,전북특별자치도 장수군
(주)고려푸드뱅크,식품제조가공업,19830144029,20251217,20251217,-,영업허가·등록취소,"(20250728)2025.3.14/2025.4.10./2025.7.28 현장확인결과,
영업관련 시설물 철거하여 영업하지 않음이 확인됨",부산광역시 강서구,,,영업허가ㆍ등록취소,식품위생법 제75조(허가취소 등) 3항,2027-12-16 00:00:00.0,2025-12-18 16:43:12.958,부산광역시 강서구,4700476,부산광역시,부산광역시 강서구,2025-12-17,2,1,1,고려식품산업사,식품제조가공업,부산광역시,부산광역시 사하구
이수식품(주),식품제조가공업,20160333453,20251226,20251226,-,영업소폐쇄,(20251127)영업시설물 멸실,경기도 남양주시,,,영업소폐쇄,식품위생법 제75조(허가취소 등) 3항,2027-12-25 00:00:00.0,2025-12-27 17:40:39.499,경기도 남양주시,4702187,경기도,경기도 남양주시,2025-12-26,3,3,3,이수식품(주),식품제조가공업,경기도,경기도 남양주시
주식회사 더바른제과,식품제조가공업,20190348579,20251226,20251226,-,영업소폐쇄,(20251127)영업시설물 멸실,경기도 남양주시,,,영업소폐쇄,식품위생법 제75조(허가취소 등) 3항,2027-12-25 00:00:00.0,2025-12-27 17:40:39.499,경기도 남양주시,4702184,경기도,경기도 남양주시,2025-12-26,2,2,2,주식회사 더바른제과,식품제조가공업,경기도,경기도 남양주시
주식회사마마스버켓,식품제조가공업,20150449068,20260106,20260106,-,영업허가·등록취소,(20251023)영업시설을 전부 철거 후 영업을 하지 아니함.,충청남도 천안시 서북구,,,영업허가ㆍ등록취소,식품위생법 제36조(시설기준),2028-01-05 00:00:00.0,2026-01-03 12:41:03.934,충청남도 천안시,4695569,충청남도,충청남도 천안시,2026-01-06,2,2,2,주식회사마마스버켓,식품제조가공업,충청남도,충청남도 천안시
(주)개성상인,식품제조가공업,20170370741,20260223,20260223,-,영업소폐쇄,(20251118)영업시설물 전부를 철거한 경우,경기도 양주시,,,영업소폐쇄,식품위생법 제37조(영업허가 등),2028-02-22 00:00:00.0,2026-03-13 16:40:22.663,경기도 양주시,4710469,경기도,경기도 양주시,2026-02-23,2,2,2,(주)개성상인,식품제조가공업,경기도,경기도 양주시
(주)대동,식품제조가공업,20210349189,20260223,20260223,-,영업소폐쇄,(20260122)시설물멸실,경기도 남양주시,,,영업소폐쇄,식품위생법 제75조(허가취소 등) 3항,2028-02-22 00:00:00.0,2026-03-13 16:40:22.663,경기도 남양주시,4710450,경기도,경기도 남양주시,2026-02-23,1,1,1,(주)대동,식품제조가공업,경기도,경기도 남양주시
(주)청목,식품제조가공업,19970332070,20260223,20260223,-,영업소폐쇄,(20260122)영업시설물 멸실,경기도 남양주시,,,영업소폐쇄,식품위생법 제75조(허가취소 등) 3항,2028-02-22 00:00:00.0,2026-03-13 16:40:22.663,경기도 남양주시,4710654,경기도,경기도 남양주시,2026-02-23,1,1,1,(주)청목,식품제조가공업,경기도,경기도 남양주시
조이쿡시스템,식품제조가공업,20030445240,20260304,20260304,-,영업소폐쇄,(20260202)사업자등록 폐업,충청북도 음성군,,,영업소폐쇄,식품위생법 제37조(영업허가 등) 7항,2028-03-02 00:00:00.0,2026-08-25 17:40:34.06,충청북도 음성군,4738944,충청북도,충청북도 음성군,2026-03-04,2,2,2,조이쿡시스템,식품제조가공업,충청북도,충청북도 음성군
찜하다 주식회사,식품제조가공업,20220545269,20260305,20260305,-,영업허가·등록취소,"(20260128)「식품위생법」제37조 제5항 위반, 폐업신고 미이행 및 시설물 멸실",강원특별자치도 동해시,,,영업허가ㆍ등록취소,식품위생법 제36조(시설기준),2028-03-03 00:00:00.0,2026-03-13 16:40:22.663,강원특별자치도 동해시,4711934,강원특별자치도,강원특별자치도 동해시,2026-03-05,1,1,1,찜하다 주식회사,식품제조가공업,강원특별자치도,강원특별자치도 동해시
(주)이엠에스,식품제조가공업,20110163450,20260309,20260309,-,영업소폐쇄,(20260129)영업시설물 전부철거,대구광역시 서구,,,영업소폐쇄,식품위생법 제37조(영업허가 등),2028-03-07 00:00:00.0,2026-03-13 16:40:22.663,대구광역시 서구,4711824,대구광역시,대구광역시 서구,2026-03-09,1,1,1,(주)이엠에스,식품제조가공업,대구광역시,대구광역시 서구
주식회사 밥앤국,식품제조가공업,20200164119,20260309,20260309,-,영업소폐쇄,(20260129)영업시설물 전부철거,대구광역시 서구,,,영업소폐쇄,식품위생법 제37조(영업허가 등),2028-03-07 00:00:00.0,2026-03-13 16:40:22.663,대구광역시 서구,4711822,대구광역시,대구광역시 서구,2026-03-09,2,2,2,주식회사 밥앤국,식품제조가공업,대구광역시,대구광역시 서구
달콤한상상 주식회사,식품제조가공업,20170333875,20260313,20260320,-,영업소폐쇄,(20260212)영업시설물멸실,경기도 남양주시,,,영업소폐쇄,식품위생법 제75조(허가취소 등) 3항,2028-03-11 00:00:00.0,2026-03-31 13:40:52.906,경기도 남양주시,4715480,경기도,경기도 남양주시,2026-03-13,2,2,2,달콤한상상 주식회사,식품제조가공업,경기도,경기도 남양주시
농업회사법인참미김치주식회사,식품제조가공업,20170160158,20260325,20260325,-,영업허가·등록취소,(20260212)영업시설 전부 철거,대구광역시 동구,,,영업등록취소,식품위생법 제37조(영업허가 등),2028-03-23 00:00:00.0,2026-04-01 15:40:49.666,대구광역시 동구,4715810,대구광역시,대구광역시 동구,2026-03-25,4,4,2,농업회사법인참미김치주식회사,식품제조가공업,대구광역시,대구광역시 동구
자연애,식품제조가공업,20230687108,20260331,20260416,-,영업허가·등록취소,(20260320)세무서 사업자등록 폐업(2025.08.22.)에 따른 영업등록사항 직권말소,전북특별자치도 군산시,,,영업허가ㆍ등록취소,식품위생법 제37조(영업허가 등) 7항,2028-03-29 00:00:00.0,2026-04-17 12:40:22.961,전북특별자치도 군산시,4718211,전북특별자치도,전북특별자치도 군산시,2026-03-31,1,1,1,자연애,식품제조가공업,전북특별자치도,전북특별자치도 군산시
유한회사 마더구스,식품제조가공업,20070288141,20260401,20260401,20260630,영업정지,(20250605)식품위생법 제4조(위해식품등의 판매 등 금지),경기도 안양시 만안구,,,"영업정지 3개월 갈음 과징금 342,000,000원",식품위생법 제4조(위해식품등의 판매 등 금지),2026-09-28 00:00:00.0,2026-09-06 12:40:22.36,경기도 안양시,4716360,경기도,경기도 안양시,2026-04-01,3,3,3,유한회사 마더구스,식품제조가공업,경기도,경기도 안양시
(주)삼삼해물,식품제조가공업,20210335571,20260402,20260402,-,영업소폐쇄,(20260304)영업시설물 전부 철거,경기도 평택시,,,영업소폐쇄,식품위생법 제36조(시설기준),2028-03-31 00:00:00.0,2026-04-03 20:40:09.124,경기도 평택시,4716384,경기도,경기도 평택시,2026-04-02,10,5,5,(주)삼삼해물,식품제조가공업,경기도,경기도 고양시
(주)대양식품,식품소분업,20020370019,20260410,20260410,-,영업소폐쇄,(20251117)영업시설물 전부 철거,경기도 양주시,,,영업소폐쇄,식품위생법 제36조(시설기준),2028-04-08 00:00:00.0,2026-04-22 20:40:13.191,경기도 양주시,4718991,경기도,경기도 양주시,2026-04-10,1,1,1,(주)대양식품,식품소분업,경기도,경기도 양주시
드림바이오 주식회사,식품제조가공업,20150403012,20260507,20260507,-,영업허가·등록취소,(20260211)정상다한 사유없이 6개월 이상 휴업,강원특별자치도 고성군,,,영업허가ㆍ등록취소,식품위생법 제75조(허가취소 등) 3항,2028-05-05 00:00:00.0,2026-05-30 13:40:08.26,강원특별자치도 고성군,4723944,강원특별자치도,강원특별자치도 고성군,2026-05-07,12,12,11,드림바이오 주식회사,식품제조가공업,강원특별자치도,강원특별자치도 고성군
(주)정동에프앤비,식품제조가공업,20180280127,20260512,20260512,-,영업허가·등록취소,(20260312)영업시설의 전부를 철거(시설물 멸실),경기도 광주시,,,영업등록취소,식품위생법 제36조(시설기준),2028-05-10 00:00:00.0,2026-07-01 00:55:46.815,경기도 광주시,4714594,경기도,경기도 광주시,2026-05-12,2,1,1,(주)정동에프앤비,식품제조가공업,경기도,경기도 성남시
농업회사법인 (주)들에푸드,식품제조가공업,20210537019,20260518,20260518,-,영업허가·등록취소,(20260310)영업시설의 전부를 철거(멸실),경상북도 포항시 북구,,,영업허가ㆍ등록취소,식품위생법 제36조(시설기준),2028-05-16 00:00:00.0,2026-05-20 17:40:27.111,경상북도 포항시,4722598,경상북도,경상북도 포항시,2026-05-18,2,2,2,농업회사법인 (주)들에푸드,식품제조가공업,경상북도,경상북도 포항시
(주)석송식품,식품제조가공업,20110372411,20260527,20260527,-,영업소폐쇄,(20260401)영업시설의 전부를 철거한 경우,경기도 포천시,,,영업소폐쇄,식품위생법 제75조(허가취소 등) 3항,2028-05-25 00:00:00.0,2026-05-28 15:40:50.841,경기도 포천시,4723585,경기도,경기도 포천시,2026-05-27,1,1,1,(주)석송식품,식품제조가공업,경기도,경기도 포천시
주식회사 카페베네,식품제조가공업,20210389798,20260618,20260618,-,영업소폐쇄,(20250729)영업시설물 전부 철거,경기도 양주시,,,영업소폐쇄,식품위생법 제36조(시설기준),2028-06-16 00:00:00.0,2026-06-23 12:40:17.123,경기도 양주시,4727529,경기도,경기도 양주시,2026-06-18,1,1,1,주식회사 카페베네,식품제조가공업,경기도,경기도 양주시
우리바이오 주식회사,식품제조가공업,20190326100,20260619,20260619,20260816,영업정지,"(20250804)② 비오효모 맥스 (20190326100360/효모식품/2024.9.4./아셀렌산나트륨 사용위반)
③ 글루타치온 화이트 구강용해 스틱 (20190326100190/기타가공품/2023.10.12./아셀렌산나트륨 사용위반)
④ 글루타치온 화이트 구강용해 스틱 (20190326100190/기타가공품/2024.4.22./아셀렌산나트륨 사용위반)
⑤ 글루타치온 화이트 구강용해 설하멜팅정 (20190326100192/캔디류/2023.11.21./아셀렌산나트륨 사용위반)
⑥ 글루타치온 화이트 구강용해 설하멜팅정 (20190326100192/캔디류/2024.11.8./아셀렌산나트륨 사용위반)
⑦ 맥주효모 비오틴 (20190326100316/캔디류/2024.11.25./아셀렌산나트륨 사용위반)
⑧ 간편하게 이롭 퓨어 밀크씨슬 500 (20190326100255/당류가공품/2023.9.11./가교카복시메틸셀룰로스나트륨 사용위반),
(20250804)① 글루타치온 이너뷰티 (20190326100184/캔디류/2023.10.23./카복시메틸셀룰로스칼슘/허용기준 위반)  
⑨ 보령 짜먹는 엘(L) 아르기닌 6000부스터 (20190326100144/혼합음료/2023.11.22./수크랄로스 허용기준 위반)",경기도 안산시 단원구,,,영업정지,"식품위생법 제7조(식품 또는 식품첨가물에 관한 기준 및 규격) 4항,
식품위생법 제7조(식품 또는 식품첨가물에 관한 기준 및 규격) 4항",2026-10-13 00:00:00.0,2026-06-21 15:40:07.681,경기도 안산시,4709202,경기도,경기도 안산시,2026-06-19,23,23,22,우리바이오 주식회사,식품제조가공업,경기도,경기도 안산시
(주)대박식품,식품제조가공업,20180387135,20260629,20260629,-,영업허가·등록취소,(20260325)영업시설의 전부를 철거(시설물 멸실),경기도 광주시,,,영업등록취소,식품위생법 제36조(시설기준),2028-06-27 00:00:00.0,2026-07-01 00:55:46.815,경기도 광주시,4718347,경기도,경기도 광주시,2026-06-29,2,2,1,(주)대박식품,식품제조가공업,경기도,경기도 광주시
낵스,식품제조가공업,20250702245,20260629,20260629,20260829,영업정지,(20260528)식품위생법 제4조제7호 위반- 영업자가 아닌 자가 제조·가공·소분한 것을 판매,충청남도 아산시,,,해당제품 폐기 및 영업정지,식품위생법,2026-10-29 00:00:00.0,2026-06-25 16:40:32.517,충청남도 아산시,4726499,충청남도,충청남도 아산시,2026-06-29,2,2,2,낵스,식품제조가공업,충청남도,충청남도 아산시
주식회사이호푸드,식품제조가공업,20130338381,20260708,20260708,-,영업허가·등록취소,(20260508)영업시설 전부 철거,경기도 시흥시,,,영업허가ㆍ등록취소,식품위생법 제37조(영업허가 등),2028-07-06 00:00:00.0,2026-07-07 12:40:34.836,경기도 시흥시,4722391,경기도,경기도 시흥시,2026-07-08,24,8,5,주식회사이호푸드,식품제조가공업,경기도,경기도 시흥시
이제이베이킹,식품제조가공업,20210362761,20260729,20260729,-,영업허가·등록취소,(20250821)영업시설의 전부를 철거,경기도 하남시,,,영업등록취소,식품위생법 제36조(시설기준),2028-07-27 00:00:00.0,2026-07-30 18:40:21.477,경기도 하남시,4734487,경기도,경기도 하남시,2026-07-29,2,2,2,이제이베이킹,식품제조가공업,경기도,경기도 하남시
국민농수산영농조합법인,식품제조가공업,20140533098,20260729,20260807,20261017,영업정지,"(20260703)생산 및 작업기록에 관한 서류와 원료출납 관계서류 미작성·미보관,
(20260703)식품안전관리인증기준 미준수,
(20260703)품목 및 품목류 제조정지 기간 중에 품목제조를 한 경우",경상북도 포항시 남구,,,영업정지(2026.8.7.~10.17.),"식품위생법 제44조(영업자 등의 준수사항) 1항,
식품위생법 제48조(식품안전관리인증기준) 2항,
식품위생법 제75조(허가취소 등)",2026-12-27 00:00:00.0,2026-08-12 21:40:18.112,경상북도 포항시,4736801,경상북도,경상북도 포항시,2026-07-29,2,2,2,국민농수산영농조합법인,식품제조가공업,경상북도,경상북도 포항시
국민농수산영농조합법인,식품제조가공업,20140533098,20260729,20261018,20261104,품목제조정지,(20260703)자가품질검사 전항목 미실시(식품유형: 기타수산물가공품)(2차),경상북도 포항시 남구,,,품목제조정지 18일(영업정지 처분과 그 초과기간에 대한 품목제조정지 병과)(2026.10.18.~11.4.),식품위생법 제31조(자가품질검사 의무) 1항,2026-11-04 00:00:00.0,2026-08-12 21:40:18.112,경상북도 포항시,4736802,경상북도,경상북도 포항시,2026-07-29,2,2,2,국민농수산영농조합법인,식품제조가공업,경상북도,경상북도 포항시
농업회사법인우리라이스 주식회사,식품제조가공업,20200384982,20260730,20260730,-,영업소폐쇄,(20260605)식품위생법 제75조(허가취소 등)제3항제1호 위반으로 정당한 사유 없이 6개월 이상 계속 휴업하는 경우,경기도 화성시 효행구,,,영업소폐쇄,식품위생법 제75조(허가취소 등) 3항,2028-07-28 00:00:00.0,2026-07-31 14:40:49.06,경기도 화성시,4727682,경기도,경기도 화성시,2026-07-30,3,3,3,농업회사법인우리라이스 주식회사,식품제조가공업,경기도,경기도 화성시
소소락디씨,식품제조가공업,20220265389,20260810,20260810,-,영업허가·등록취소,(20260506)영업시설물 전부 철거,인천광역시 부평구,,,영업등록취소,식품위생법 제36조(시설기준),2028-08-08 00:00:00.0,2026-08-19 15:40:37.689,인천광역시 부평구,4737624,인천광역시,인천광역시 부평구,2026-08-10,1,1,1,소소락디씨,식품제조가공업,인천광역시,인천광역시 부평구
청보푸드(주),식품제조가공업,20220515356,20260824,20260907,20261006,품목제조정지,(20260724)자가품질검사 전항목 미실시(컷팅수박 등 2품목/식품유형: 신선편의식품),경기도 광주시,,,품목제조정지,식품위생법 제31조(자가품질검사 의무) 1항,2026-10-06 00:00:00.0,2026-08-25 18:40:24.751,경기도 광주시,4736095,경기도,경기도 광주시,2026-08-24,2,2,2,청보푸드(주),식품제조가공업,경기도,경기도 광주시
(주)씨밀레에프에스,식품제조가공업,20160345064,20260902,20260908,20260922,품목제조정지,(20260428)자가품질검사 미실시(냉동당근 등 13개품목),경기도 하남시,,,품목제조정지 15일(26.9.8.~9.22.),식품위생법 제31조(자가품질검사 의무) 1항,2026-09-22 00:00:00.0,2026-09-03 19:40:24.538,경기도 하남시,4740591,경기도,경기도 하남시,2026-09-02,2,2,2,(주)씨밀레에프에스,식품제조가공업,경기도,경기도 하남시
농업회사법인 주식회사 레드원,식품제조가공업,20200587490,20260902,20260903,20261002,영업정지,(20260814)소비기한 연장,경상남도 창원시 마산합포구,,,2026. 9. 3.~2026. 10. 2.,식품 등의 표시·광고에 관한 법률,2026-10-31 00:00:00.0,2026-09-03 19:40:24.538,경상남도 창원시 마산합포구,4740461,경상남도,경상남도 창원시,2026-09-02,2,2,2,농업회사법인 주식회사 레드원,식품제조가공업,경상남도,경상남도 창원시
(유)타르트제작소,식품제조가공업,20200507581,20260903,20260909,20261008,영업정지,(20250417)표시 대상 식품등에 표시사항 전부를 표시하지 않은 경우,전남광주통합특별시 무안군,,,영업정지,식품 등의 표시·광고에 관한 법률 제4조(표시의 기준) 3항,2026-11-06 00:00:00.0,2026-09-08 19:40:21.711,전남광주통합특별시 무안군,4741153,전남광주통합특별시,전남광주통합특별시 무안군,2026-09-03,2,1,1,(유)타르트제작소,식품제조가공업,전남광주통합특별시,전남광주통합특별시 무안군
새싹푸드,식품제조가공업,20120311458,20260903,20260907,20260921,품목제조정지,"(20260804)소비자 안전을 위한 주의사항 중 알레르기 유발물질 표시대상을 별도 알레르기 표시란에 표시하지 않은 경우
제품명: 본초맘죽 참치야채죽, 본초맘죽 짬뽕죽",경기도 화성시 효행구,,,품목제조정지 15일과 해당 제품 폐기,식품 등의 표시·광고에 관한 법률 제4조(표시의 기준) 3항,2026-09-21 00:00:00.0,2026-09-04 12:40:22.63,경기도 화성시,4737843,경기도,경기도 화성시,2026-09-03,6,3,3,새싹푸드,식품제조가공업,경기도,경기도 화성시
포항블루베리농원,식품제조가공업,20140533049,20260904,20260910,20261009,품목류제조정지,"(20260810)납 검출기준 위반(제품명: 참조아라 유기농 블루베리즙, 식품유형: 과채주스)",경상북도 포항시 남구,,,품목류제조정지(2026.9.10.~2026.10.9.),식품위생법 제7조(식품 또는 식품첨가물에 관한 기준 및 규격) 4항,2026-10-09 00:00:00.0,2026-09-12 18:41:07.906,경상북도 포항시,4741952,경상북도,경상북도 포항시,2026-09-04,1,1,1,포항블루베리농원,식품제조가공업,경상북도,경상북도 포항시
(주)예다손 나주공장,식품제조가공업,20020512164,20260907,20260922,20260928,품목제조정지,(20260716)금속성 이물(철사) 혼입,전남광주통합특별시 나주시,,,품목제조정지 7일과 해당 제품 폐기,식품위생법 제7조(식품 또는 식품첨가물에 관한 기준 및 규격) 4항,2026-09-28 00:00:00.0,2026-09-10 19:40:15.086,전남광주통합특별시 나주시,4735911,전남광주통합특별시,전남광주통합특별시 나주시,2026-09-07,2,2,2,(주)예다손 나주공장,식품제조가공업,전남광주통합특별시,전남광주통합특별시 나주시
금호제과,식품제조가공업,20110370209,20260907,20260907,20260921,품목제조정지,"(20260805)알레르기 유발 물질 표시 대상을 별도 알레르기 표시란에 표시하지 않은 경우
- 제품내역: 두부과자 140g(20110370209-39)
- 미표시 알레르기 유발 원재료: 두부(대두), 땅콩분말(땅콩), 계란, 밀가루(밀)",경기도 양주시,,,품목제조정지15일(20260907~20260921),식품 등의 표시·광고에 관한 법률 제4조(표시의 기준) 3항,2026-09-21 00:00:00.0,2026-09-13 15:40:22.204,경기도 양주시,4742000,경기도,경기도 양주시,2026-09-07,1,1,1,금호제과,식품제조가공업,경기도,경기도 양주시
(주)자연사랑,식품제조가공업,20180407292,20260907,20260907,-,영업허가·등록취소,(20260803)정당한 사유없이 6개월 이상 휴업한 경우,강원특별자치도 동해시,,,영업등록취소,식품위생법 제75조(허가취소 등) 3항,2028-09-05 00:00:00.0,2026-09-09 11:40:27.209,강원특별자치도 동해시,4735511,강원특별자치도,강원특별자치도 동해시,2026-09-07,1,1,1,(주)자연사랑,식품제조가공업,강원특별자치도,강원특별자치도 동해시
농업회사법인(주)상벽,식품제조가공업,20190391503,20260909,20260910,20260916,영업정지,"(20260828)창수면 옥수로 136-27, 나동의 일부를 신고하지 아니하고 영업소 창고로 사용",경기도 포천시,,,영업정지,식품위생법 제37조(영업허가 등),2026-09-22 00:00:00.0,2026-09-17 01:40:25.008,경기도 포천시,4742982,경기도,경기도 포천시,2026-09-09,2,2,2,농업회사법인(주)상벽,식품제조가공업,경기도,경기도 포천시
농업회사법인(주)상벽,식품제조가공업,20190391503,20260909,20260910,20261009,품목제조정지,"(20260714)간청고비당플러스는 기타발효음료에 해당하나, 제품에 ‘BARLEY GRASS JUICE’로 표시하여 다른 식품유형으로 오인혼동 가능하도록 표시함",경기도 포천시,,,품목제조정지,식품 등의 표시·광고에 관한 법률 제8조(부당한 표시 또는 광고행위의 금지) 1항,2026-10-09 00:00:00.0,2026-09-17 01:40:25.008,경기도 포천시,4742980,경기도,경기도 포천시,2026-09-09,2,2,2,농업회사법인(주)상벽,식품제조가공업,경기도,경기도 포천시
(주)싱싱,식품제조가공업,20140345140,20260910,20260910,-,영업허가·등록취소,(20260617)영업시설의 전부를 철거,경기도 하남시,,,영업허가ㆍ등록취소,식품위생법 제36조(시설기준),2028-09-08 00:00:00.0,2026-09-12 12:40:34.146,경기도 하남시,4741875,경기도,경기도 하남시,2026-09-10,2,2,2,(주)싱싱,식품제조가공업,경기도,경기도 하남시
주식회사 만두보국,식품제조가공업,20180036284,20260915,20260921,20260927,품목제조정지,"(20260827)만두보국 고기만두(품목보고번호: 201800362842, 식품유형: 만두, 소비기한: 2027년 4월 21일)를 제조하는 과정에서 이물(금속이물: 원재료 부추 결속끈) 혼입",서울특별시 성동구,,,품목 제조정지,식품위생법 제7조(식품 또는 식품첨가물에 관한 기준 및 규격) 4항,2026-09-27 00:00:00.0,2026-09-15 20:40:45.306,서울특별시 성동구,4740664,서울특별시,서울특별시 성동구,2026-09-15,1,1,1,주식회사 만두보국,식품제조가공업,서울특별시,서울특별시 성동구
